a,1
aardvark,1
abaci,1
aback,1
abacus,1
abaft,1
abalone,1
abandon,1
abandoned,1
abandonment,1
abase,1
abasement,1
abash,1
abashed,1
abate,1
abatement,1
abattoir,1
abbess,1
abbey,1
abbot,1
abbreviate,1
abbreviation,1
abdicate,1
abdication,1
abdomen,1
abdominal,1
abduct,1
abduction,1
abeam,1
abed,1
aberrant,1
aberration,1
abet,1
abeyance,1
abhor,1
abhorrence,1
abhorrent,1
abide,1
abiding,1
ability,1
abject,1
abjure,1
ablaze,1
able,1
abnegation,1
abnormal,1
abnormality,1
aboard,1
abode,1
abolish,1
abolition,1
abolitionist,1
abominable,1
abominate,1
abomination,1
aboriginal,1
aborigine,1
abort,1
abortion,1
abortionist,1
abortive,1
abound,1
about,1
above,1
abracadabra,1
abrade,1
abrasion,1
abrasive,1
abreast,1
abridge,1
abridgement,1
abridgment,1
abroad,1
abrogate,1
abrogation,1
abrupt,1
abscess,1
abscond,1
absence,1
absent,1
absentee,1
absenteeism,1
absinthe,1
absolute,1
absolution,1
absolutism,1
absolve,1
absorb,1
absorbency,1
absorbent,1
absorbing,1
absorption,1
abstain,1
abstemious,1
abstention,1
abstinence,1
abstinent,1
abstract,1
abstracted,1
abstraction,1
abstruse,1
absurd,1
absurdity,1
abundance,1
abundant,1
abuse,1
abusive,1
abut,1
abutment,1
abysmal,1
abyss,1
acacia,3
academia,1
academic,1
academician,1
academy,1
accede,1
accelerate,1
acceleration,1
accelerator,1
accent,1
accentuate,1
accentuation,1
accept,1
acceptability,1
acceptable,1
acceptance,1
access,1
accessibility,1
accessible,1
accession,1
accessory,1
accident,1
accidental,1
acclaim,1
acclamation,1
acclimate,1
acclimation,1
acclimatization,1
acclimatize,1
accolade,1
accommodate,1
accommodating,1
accommodation,1
accompaniment,1
accompanist,1
accompany,1
accomplice,1
accomplish,1
accomplished,1
accomplishment,1
accord,1
accordance,1
accordingly,1
accordion,1
accost,1
account,1
accountability,1
accountable,1
accountant,1
accounting,1
accouterments,1
accredit,1
accreditation,1
accrue,1
accumulate,1
accumulation,1
accumulative,1
accuracy,1
accurate,1
accursed,1
accusation,1
accusative,1
accusatory,1
accuse,1
accused,1
accusingly,1
accustom,1
accustomed,1
ace,1
acerbic,1
acerbity,1
acetaminophen,1
acetate,1
acetone,1
acetylene,1
ache,1
achievable,1
achieve,1
achievement,1
achoo,1
achy,1
acid,1
acidic,1
acidify,1
acidity,1
acknowledge,1
acknowledgement,1
acknowledgment,1
acme,1
acne,1
acolyte,1
acorn,2
acoustic,1
acoustical,1
acoustics,1
acquaint,1
acquaintance,1
acquiesce,1
acquiescence,1
acquiescent,1
acquire,1
acquirement,1
acquisition,1
acquisitive,1
acquit,1
acquittal,1
acre,1
acreage,1
acrid,1
acrimonious,1
acrimony,1
acrobat,1
acrobatic,1
acrobatics,1
acronym,1
acropolis,1
across,1
acrylic,1
act,1
acting,1
action,1
activate,1
activation,1
active,1
activism,1
activist,1
activity,1
actor,1
actress,1
actual,1
actuality,1
actualization,1
actualize,1
actually,1
actuarial,1
actuary,1
actuate,1
acuity,1
acumen,1
acupuncture,1
acupuncturist,1
acute,1
ad,1
adage,1
adagio,1
adamant,1
adapt,1
adaptability,1
adaptable,1
adaptation,1
adapter,1
adaptor,1
add,1
addend,1
addenda,1
addendum,1
adder,1
addict,1
addicted,1
addiction,1
addictive,1
addition,1
additional,1
additive,1
addle,1
address,1
addressee,1
adduce,1
adenoidal,1
adenoids,1
adept,1
adequacy,1
adequate,1
adhere,1
adherence,1
adherent,1
adhesion,1
adhesive,1
adieu,1
adieux,1
adios,1
adipose,1
adjacent,1
adjectival,1
adjective,1
adjoin,1
adjourn,1
adjournment,1
adjudge,1
adjudicate,1
adjudication,1
adjunct,1
adjure,1
adjust,1
adjustable,1
adjuster,1
adjustment,1
adjustor,1
adjutant,1
adman,1
administer,1
administrate,1
administration,1
administrative,1
administrator,1
admirable,1
admiral,1
admiralty,1
admiration,1
admire,1
admissibility,1
admissible,1
admission,1
admit,1
admittance,1
admittedly,1
admixture,1
admonish,1
admonishment,1
admonition,1
admonitory,1
ado,1
adobe,1
adolescence,1
adolescent,1
adopt,1
adoption,1
adoptive,1
adorable,1
adoration,1
adore,1
adorn,1
adornment,1
adrenal,1
adrenaline,1
adrift,1
adroit,1
adulate,1
adulation,1
adult,1
adulterant,1
adulterate,1
adulteration,1
adulterer,1
adulteress,1
adulterous,1
adultery,1
adulthood,1
advance,1
advanced,1
advancement,1
advantage,1
advantageous,1
advent,1
adventure,1
adventurer,1
adventuresome,1
adventuress,1
adventurous,1
adverb,1
adverbial,1
adversarial,1
adversary,1
adverse,1
adversity,1
advert,1
advertise,1
advertisement,1
advertising,1
advice,1
advisability,1
advisable,1
advise,1
advisedly,1
adviser,1
advisor,1
advisory,1
advocacy,1
advocate,1
adz,1
adze,1
aegis,1
aeon,1
aerate,2
aeration,2
aerial,1
aerialist,1
aerie,1
aerobatics,1
aerobic,1
aerobics,1
aerodynamic,1
aerodynamics,1
aeronautical,1
aeronautics,1
aeroplane,1
aerosol,1
aerospace,1
aesthete,1
aesthetic,1
aesthetics,1
afar,1
affability,1
affable,1
affair,1
affect,1
affectation,1
affected,1
affecting,1
affection,1
affectionate,1
affidavit,1
affiliate,1
affiliation,1
affinity,1
affirm,1
affirmation,1
affirmative,1
affix,1
afflict,1
affliction,1
affluence,1
affluent,1
afford,1
affordable,1
afforest,2
afforestation,2
affray,1
affront,1
afghan,1
aficionado,1
afield,1
afire,1
aflame,1
afloat,1
aflutter,1
afoot,1
afoul,1
afraid,1
afresh,1
aft,1
after,1
afterward,1
afterwards,1
again,1
against,1
agape,1
agate,1
agave,3
age,1
aged,1
ageless,1
agency,1
agenda,1
agent,1
agglomeration,1
agglutination,1
aggrandize,1
aggrandizement,1
aggravate,1
aggravation,1
aggregate,1
aggregation,1
aggression,1
aggressive,1
aggrieved,1
aghast,1
agile,1
agility,1
agitate,1
agitation,1
aglitter,1
aglow,1
agnostic,1
agnosticism,1
ago,1
agog,1
agonize,1
agonizing,1
agony,1
agrarian,2
agree,1
agreeable,1
agreement,1
agribusiness,2
agricultural,2
agriculture,2
agronomist,2
agronomy,2
aground,1
ague,1
ah,1
aha,1
ahead,1
ahem,1
ahoy,1
aid,1
aide,1
ail,1
aileron,1
ailment,1
aim,1
aimless,1
air,1
airless,1
airy,1
aisle,1
ajar,1
akimbo,1
akin,1
alabaster,1
alacrity,1
alarm,1
alarming,1
alarmist,1
alas,1
albacore,1
albatross,1
albeit,1
albino,1
album,1
albumen,1
albumin,1
alchemist,1
alchemy,1
alcohol,1
alcoholic,1
alcoholism,1
alcove,1
alder,3
alderman,1
ale,1
alert,1
alfalfa,3
alfresco,1
alga,3
algae,3
algebra,1
algebraic,1
algorithm,1
alias,1
alibi,1
alien,1
alienate,1
alienated,1
alienation,1
alight,1
align,1
alignment,1
alike,1
alimentary,1
alimony,1
alit,1
alive,1
alkali,1
alkaline,1
alkalinity,1
alkaloid,1
all,1
allay,1
allegation,1
allege,1
alleged,1
allegiance,1
allegorical,1
allegory,1
allegro,1
alleluia,1
allergen,1
allergic,1
allergy,1
alleviate,1
alleviation,1
alley,1
alliance,1
allied,1
alligator,1
alliteration,1
alliterative,1
allocate,1
allocation,1
allot,1
allotment,2
allow,1
allowable,1
allowance,1
alloy,1
allude,1
allure,1
alluring,1
allusion,1
allusive,1
alluvial,1
ally,1
almanac,1
almighty,1
almond,3
almost,1
alms,1
aloe,3
aloft,1
aloha,1
alone,1
along,1
aloof,1
aloud,1
alpaca,1
alpha,1
alphabet,1
alphabetic,1
alphabetical,1
alphabetize,1
alphanumeric,1
alpine,1
already,1
alright,1
also,1
altar,1
alter,1
alteration,1
altercation,1
alternate,1
alternation,1
alternative,1
alternator,1
although,1
altimeter,1
altitude,1
alto,1
altruism,1
altruist,1
altruistic,1
alum,1
aluminum,1
alumna,1
alumnae,1
alumni,1
alumnus,1
always,1
am,1
amalgam,1
amalgamate,1
amalgamation,1
amaryllis,3
amass,1
amateur,1
amateurish,1
amateurism,1
amatory,1
amaze,1
amazement,1
ambassador,1
ambassadorial,1
ambassadorship,1
amber,1
ambiance,1
ambidextrous,1
ambience,1
ambient,1
ambiguity,1
ambiguous,1
ambition,1
ambitious,1
ambivalence,1
ambivalent,1
amble,1
ambrosia,1
ambulance,1
ambulatory,1
ambush,1
ameba,1
amebae,1
ameliorate,1
amelioration,1
amen,1
amenable,1
amend,1
amendable,1
amendment,1
amends,1
amenity,1
amethyst,1
amiability,1
amiable,1
amicability,1
amicable,1
amid,1
amidships,1
amidst,1
amigo,1
amiss,1
amity,1
ammeter,1
ammo,1
ammonia,1
ammunition,1
amnesia,1
amnesiac,1
amnesty,1
amniocentesis,1
amoeba,1
amoebae,1
amoebic,1
amok,1
among,1
amongst,1
amoral,1
amorality,1
amorous,1
amorphous,1
amortize,1
amount,1
amour,1
amp,1
amperage,1
ampere,1
ampersand,1
amphetamine,1
amphibian,1
amphibious,1
amphitheater,1
ample,1
amplification,1
amplifier,1
amplify,1
amplitude,1
ampule,1
amputate,1
amputation,1
amputee,1
amuck,1
amulet,1
amuse,1
amusement,1
amusing,1
amusingly,1
an,1
anachronism,1
anachronistic,1
