twit,1
twitch,1
twitter,1
two,1
twosome,1
tycoon,1
tying,1
tyke,1
tympana,1
tympanum,1
type,1
typhoid,1
typhoon,1
typhus,1
typical,1
typify,1
typist,1
typo,1
typographer,1
typographical,1
typography,1
tyrannical,1
tyrannize,1
tyrannous,1
tyranny,1
tyrant,1
tyro,1
tzar,1
ubiquitous,1
ubiquity,1
udder,1
ugh,1
ugly,1
uh,1
ukulele,1
ulcer,1
ulcerate,1
ulceration,1
ulcerous,1
ulna,1
ulnae,1
ulterior,1
ultimata,1
ultimate,1
ultimatum,1
ultra,1
umber,1
umbilical,1
umbrage,1
umbrella,1
umiak,1
umlaut,1
ump,1
umpire,1
umpteenth,1
unabashed,1
unabated,1
unable,1
unabridged,1
unacceptable,1
unaccompanied,1
unaccountable,1
unaccustomed,1
unacquainted,1
unadorned,1
unadulterated,1
unaffected,1
unalterable,1
unanimity,1
unanimous,1
unanswerable,1
unanticipated,1
unappetizing,1
unappreciated,1
unappreciative,1
unapproachable,1
unarmed,1
unashamed,1
unasked,1
unassailable,1
unassuming,1
unattached,1
unattended,1
unavailing,1
unavoidable,1
unaware,1
unawares,1
unbalanced,1
unbar,1
unbearable,1
unbeatable,1
unbeaten,1
unbecoming,1
unbeknown,1
unbeknownst,1
unbelief,1
unbelievable,1
unbeliever,1
unbend,1
unbending,1
unbiased,1
unbidden,1
unblushing,1
unbolt,1
unborn,1
unbosom,1
unbound,1
unbounded,1
unbridled,1
unbroken,1
unbuckle,1
unburden,1
unbutton,1
uncanny,1
uncaring,1
unceasing,1
uncensored,1
unceremonious,1
uncertain,1
uncertainty,1
unchanged,1
uncharitable,1
uncharted,1
unchecked,1
uncivil,1
uncivilized,1
unclasp,1
unclassified,1
uncle,1
unclean,1
unclear,1
unclothed,1
uncluttered,1
uncoil,1
uncomfortable,1
uncommitted,1
uncommon,1
uncommunicative,1
uncomplimentary,1
uncompromising,1
unconcern,1
unconcerned,1
unconditional,1
unconscionable,1
unconscious,1
uncontaminated,1
uncontested,1
uncontrollable,1
unconventional,1
unconvincing,1
unconvincingly,1
uncoordinated,1
uncork,1
uncorroborated,1
uncountable,1
uncounted,1
uncouple,1
uncouth,1
uncover,1
unctuous,1
uncut,1
undamaged,1
undaunted,1
undecided,1
undecipherable,1
undefeated,1
undemanding,1
undemocratic,1
undemonstrative,1
undeniable,1
undependable,1
under,1
underachieve,1
underage,1
underarm,1
underbelly,1
underbid,1
underbrush,2
undercarriage,1
undercharge,1
underclass,1
underclassman,1
underclothes,1
underclothing,1
undercoat,1
undercover,1
undercurrent,1
undercut,1
underdeveloped,1
underdog,1
underdone,1
underemployed,1
underestimate,1
underexpose,1
underfoot,1
undergarment,1
undergo,1
undergone,1
undergraduate,1
underground,1
undergrowth,2
underhand,1
underhanded,1
underlain,1
underlay,1
underlie,1
underling,1
underlying,1
undermine,1
underneath,1
undernourished,1
underpaid,1
underpants,1
underpass,1
underpay,1
underpinning,1
underplay,1
underprivileged,1
underrate,1
underscore,1
undersea,1
undersecretary,1
undersell,1
undershirt,1
undershorts,1
underside,1
undersigned,1
undersized,1
underskirt,1
undersold,1
understaffed,1
understand,1
understandable,1
understanding,1
understandingly,1
understate,1
understatement,1
understood,1
understudy,1
undertake,1
undertaken,1
undertaker,1
undertaking,1
undertone,1
undertook,1
undertow,1
undervalue,1
underwater,1
underway,1
underwear,1
underweight,1
underwent,1
underworld,1
underwrite,1
underwritten,1
underwrote,1
undeserving,1
undesirable,1
undeveloped,1
undid,1
undies,1
undignified,1
undiminished,1
undisturbed,1
undo,1
undoing,1
undone,1
undoubted,1
undress,1
undue,1
undulate,1
undulation,1
unduly,1
undying,1
unearned,1
unearth,1
unearthly,1
uneasy,1
uneducated,1
unembarrassed,1
unemotional,1
unemployable,1
unemployed,1
unemployment,1
unending,1
unendurable,1
unenthusiastic,1
unequal,1
unequaled,1
unequalled,1
unequivocal,1
unerring,1
uneven,1
uneventful,1
unexceptionable,1
unexceptional,1
unexpected,1
unexplored,1
unfailing,1
unfair,1
unfaithful,1
unfamiliar,1
unfamiliarity,1
unfasten,1
unfathomable,1
unfavorable,1
unfeeling,1
unfeigned,1
unfettered,1
unfinished,1
unfit,1
unflappable,1
unflinching,1
unfold,1
unforgettable,1
unfortunate,1
unfounded,1
unfriendly,1
unfurl,1
unfurnished,1
ungainly,1
ungentlemanly,1
ungodly,1
ungovernable,1
ungracious,1
ungrateful,1
ungrudging,1
unguarded,1
unguent,1
unhand,1
unhappy,1
unhealthy,1
unheard,1
unhesitating,1
unhesitatingly,1
unhindered,1
unhinge,1
unhitch,1
unholy,1
unhook,1
unhorse,1
unicameral,1
unicorn,1
unicycle,1
unidentified,1
unification,1
uniform,1
uniformity,1
unify,1
unilateral,1
unimaginative,1
unimpeachable,1
unimportant,1
unimpressed,1
unimpressive,1
uninhabited,1
uninhibited,1
uninspired,1
uninspiring,1
unintelligible,1
unintentional,1
uninterested,1
uninterrupted,1
union,1
unionize,1
unique,1
unisex,1
unison,1
unit,1
unite,1
united,1
unity,1
universal,1
universality,1
universe,1
university,1
unjust,1
unkempt,1
unkind,1
unknowing,1
unknown,1
unlace,1
unlatch,1
unlawful,1
unleaded,1
unlearn,1
unlearned,1
unleash,1
unleavened,1
unless,1
unlettered,1
unlike,1
unlikelihood,1
unlikely,1
unlimited,1
unlisted,1
unload,1
unlock,1
unloose,1
unlucky,1
unmade,1
unmanly,1
unmanned,1
unmannerly,1
unmask,1
unmentionable,1
unmerciful,1
unmindful,1
unmistakable,1
unmitigated,1
unmoved,1
unnatural,1
unnecessary,1
unneeded,1
unnerve,1
unnerving,1
unnoticed,1
unnumbered,1
unobjectionable,1
unobservant,1
unobtrusive,1
unoccupied,1
unoffensive,1
unofficial,1
unorganized,1
unorthodox,1
unpack,1
unpaid,1
unparalleled,1
unpatriotic,1
unpaved,1
unperturbed,1
unplanned,1
unpleasant,1
unplug,1
unplumbed,1
unpopular,1
unpopularity,1
unprecedented,1
unpredictable,1
unpremeditated,1
unprepared,1
unpretentious,1
unpreventable,1
unprincipled,1
unprintable,1
unprofessional,1
unprofitable,1
unproven,1
unprovoked,1
unpublished,1
unqualified,1
unquestionable,1
unquestioned,1
unquestioning,1
unquestioningly,1
unquote,1
unravel,1
unread,1
unready,1
unreal,1
unrealistically,1
unreasonable,1
unreasoning,1
unregistered,1
unregulated,1
unrehearsed,1
unrelenting,1
unreliable,1
unrelieved,1
unremitting,1
unrequited,1
unreserved,1
unrest,1
unrestrained,1
unrewarding,1
unripe,1
unrivaled,1
unrivalled,1
unroll,1
unromantic,1
unruffled,1
unruly,1
unsaddle,1
unsafe,1
unsaid,1
unsalted,1
unsanctioned,1
unsanitary,1
unsatisfactory,1
unsatisfying,1
unsavory,1
unscathed,1
unscientific,1
unscramble,1
unscrew,1
unscrupulous,1
unseal,1
unseasonable,1
unseat,1
unseemly,1
unseen,1
unselfish,1
unsentimental,1
unsettle,1
unsettled,1
unsettling,1
unsightly,1
unskilled,1
unskillful,1
unsolved,1
unsophisticated,1
unsound,1
unsparing,1
unspeakable,1
unspecified,1
unspoken,1
unsportsmanlike,1
unstable,1
unsteady,1
unstop,1
unstoppable,1
unstressed,1
unstructured,1
unstrung,1
unstuck,1
unstudied,1
unsubstantial,1
unsubstantiated,1
unsuccessful,1
unsuitable,1
unsung,1
unsupervised,1
unsuspecting,1
unswerving,1
untangle,1
untapped,1
untaught,1
untenable,1
unthinkable,1
unthinking,1
untidy,1
untie,1
until,1
untimely,1
untiring,1
untitled,1
unto,1
untold,1
untouchable,1
untouched,1
untoward,1
untreated,1
untried,1
untroubled,1
untrue,1
untruth,1
untruthful,1
untutored,1
unused,1
unusual,1
unutterable,1
unvarnished,1
unvarying,1
unveil,1
unverified,1
unvoiced,1
unwarranted,1
unwary,1
unwed,1
unwell,1
unwholesome,1
unwieldy,1
unwilling,1
unwind,1
unwise,1
unwitting,1
unwonted,1
unworldly,1
unworthy,1
unwound,1
unwrap,1
unwritten,1
unyielding,1
unzip,1
up,1
upbringing,1
upcoming,1
upcountry,1
upend,1
upheaval,1
upholster,1
upholstery,1
uplifting,1
upon,1
upper,1
upperclassman,1
uppity,1
uprising,1
uproarious,1
upset,1
upstanding,1
upwards,1
uranium,1
urban,1
urbane,1
urbanity,1
urbanization,1
urbanize,1
urchin,1
urea,1
urethra,1
urge,1
urgency,1
urgent,1
urinal,1
urinalysis,1
urinary,1
urinate,1
urination,1
urine,1
urn,1
us,1
usable,1
usage,1
use,1
useable,1
used,1
useful,1
useless,1
usher,1
usual,1
usurious,1
usurp,1
usurpation,1
usury,1
utensil,1
uteri,1
uterine,1
uterus,1
utilitarian,1
utility,1
utilization,1
utilize,1
utmost,1
utopia,1
utopian,1
utter,1
utterance,1
uvula,1
uvular,1
vacancy,1
vacant,1
vacate,1
vacation,1
vaccinate,1
vaccination,1
vaccine,1
vacillate,1
vacillation,1
vacua,1
vacuity,1
vacuous,1
vacuum,1
vagabond,1
vagary,1
vagina,1
vaginal,1
vagrancy,1
vagrant,1
vague,1
vain,1
valance,1
vale,1
valedictorian,1
valedictory,1
valence,1
valentine,1
valet,1
valiant,1
valid,1
validate,1
validation,1
validity,1
valise,1
valley,1
valor,1
valorous,1
valuable,1
valuation,1
value,1
valueless,1
values,1
valve,1
vamoose,1
vamp,1
vampire,1
van,1
vanadium,1
vandal,1
vandalism,1
vandalize,1
vane,1
vanguard,1
vanilla,3
vanish,1
vanity,1
vanquish,1
vantage,1
vapid,1
vapidity,1
vapidness,1
vapor,1
vaporization,1
vaporize,1
vaporous,1
variability,1
variable,1
variance,1
variant,1
variation,1
varicose,1
varied,1
variegated,1
variety,1
various,1
varmint,1
varnish,1
varsity,1
vary,1
vascular,1
vase,1
vasectomy,1
vassal,1
vast,1
vat,1
vaudeville,1
vault,1
vaulting,1
veal,1
vector,1
veep,1
veer,1
vegan,1
vegetable,2
vegetarian,1
vegetarianism,1
vegetate,2
vegetation,2
vegetative,2
