geometrical,📐,2
geometry,📐,2
geophysical,🌍,1
geophysics,🌍,2
geopolitics,🌍,2
geothermal,🌋,2
geranium,🌸,2
gerbil,🐹,3
geriatric,👴,2
geriatrics,👴,2
germ,🦠,3
germane,🔗,1
germanium,🧪,1
germicidal,🧴,1
germicide,🧴,1
germinate,🌱,3
germination,🌱,2
gerontology,👴,2
gerund,📚,1
gestation,🤰,2
gesticulate,🙌,2
gesticulation,🙌,2
gesture,🙋,2
gesundheit,🤧,2
get,✋,1
getup,👗,1
gewgaw,💍,1
geyser,🌋,3
ghastly,😱,2
gherkin,🥒,3
ghetto,🏚️,2
ghost,👻,3
ghoul,👻,2
ghoulish,👻,2
giant,🗻,2
giantess,👸,1
gibber,🗣️,1
gibberish,🗣️,2
gibbet,🪓,1
gibbon,🐒,3
gibe,😏,1
giblets,🍗,1
giddy,😵,2
gift,🎁,3
gifted,🌟,2
gig,🎸,2
gigabyte,💾,2
gigantic,🐘,2
giggle,😆,3
giggly,😆,2
gigolo,🕺,1
gild,✨,2
gill,🐟,2
gilt,✨,1
gimcrack,💍,1
gimlet,🔧,1
gimmick,🎪,1
gimmickry,🎪,1
gimmicky,🎪,1
gimpy,🦵,1
gin,🍸,2
ginger,🫚,3
gingerly,🤏,1
gingham,🧵,1
gingivitis,🦷,2
ginkgo,🌳,1
ginseng,🌿,2
giraffe,🦒,3
gird,🎽,1
girder,🏗️,2
girdle,👙,1
girl,👧,3
girlhood,👧,1
girlish,👧,1
girt,🎽,1
girth,📏,1
gismo,⚙️,1
gist,💡,1
give,🤲,2
given,🎁,1
gizmo,⚙️,2
gizzard,🐔,1
glacial,🧊,2
glacier,🏔️,3
glad,😊,2
gladden,😊,1
glade,🌳,1
gladiator,⚔️,3
gladiatorial,⚔️,1
gladioli,🌸,1
gladiolus,🌸,2
glamor,💄,2
glamorize,✨,1
glamorous,💃,2
glamour,💄,2
glance,👀,2
gland,🫀,1
glandular,🫀,1
glare,😠,2
glaring,😠,2
glass,🥃,3
glassful,🥛,1
glassy,🪟,1
glaucoma,👁️,2
glaze,🍩,2
glazier,🪟,1
gleam,✨,2
glean,🌾,1
glee,😄,2
gleeful,😄,2
glen,🏞️,1
glib,😏,1
glide,🕊️,2
glider,🛩️,3
glimmer,✨,2
glimpse,👀,2
glint,✨,2
glissando,🎹,1
glisten,✨,2
glitch,🐛,2
glitter,✨,3
glittery,✨,2
glitzy,✨,2
gloaming,🌆,1
gloat,😏,2
glob,💧,1
global,🌐,3
globe,🌐,3
globular,🔵,1
globule,💧,1
glockenspiel,🎹,2
gloom,🌑,2
gloomy,😞,2
glop,💩,1
glorification,🙌,1
glorified,🌟,1
glorify,🙌,1
glorious,🌟,2
glory,🌟,2
gloss,💄,2
glossary,📖,2
glossy,✨,1
glottis,👄,1
glove,🧤,3
glow,✨,3
glower,😠,1
glowing,✨,2
glucose,🍬,2
glue,🧴,3
gluey,🧴,1
glum,😞,2
glut,📦,1
gluten,🌾,2
glutinous,🍡,1
glutton,🍽️,2
gluttonous,🍽️,1
gluttony,🍽️,2
glycerin,🧴,1
glycerine,🧴,1
glycerol,🧴,1
gnarled,🌳,1
gnash,😬,1
gnat,🦟,2
gnaw,🦷,1
gnome,🧙,2
gnu,🐃,1
go,🚦,2
goad,👉,1
goal,🎯,3
goalie,🥅,2
goat,🐐,3
goatee,🐐,1
gob,👄,1
gobble,🦃,2
gobbledegook,🗣️,1
gobbledygook,🗣️,1
gobbler,🦃,1
goblet,🍷,2
goblin,👺,2
god,🙏,2
goddess,👸,2
godly,🙏,1
gofer,🏃,1
goggle,🥽,2
goggles,🥽,3
going,🚶,1
goiter,🦋,1
goitre,🦋,1
gold,🥇,3
golden,✨,2
golf,⛳,3
golly,😲,1
gonad,🫘,1
gondola,🚡,2
gondolier,🚣,2
gone,👋,1
goner,💀,1
gong,🔔,2
gonorrhea,🦠,1
goo,🟢,1
goober,🥜,1
good,👍,2
goodie,🍬,1
goodly,👍,1
goodness,🙏,1
goods,📦,2
goody,🍬,1
gooey,🍯,2
goof,🤪,2
goofy,🤪,2
goon,🥊,1
goop,🟢,1
goose,🦢,3
gopher,🐿️,2
gore,🩸,2
gorge,🍽️,2
gorgeous,😍,2
gorilla,🦍,3
gorse,🌿,1
gory,🩸,2
gosh,😲,1
gosling,🐣,2
gospel,📖,2
gossamer,🕸️,1
gossip,🗣️,2
gossipy,🗣️,1
got,✋,1
gotten,✋,1
gouge,🔧,1
goulash,🍲,2
gourd,🎃,2
gourmand,🍽️,2
gourmet,👨‍🍳,2
gout,🦶,1
gouty,🦶,1
govern,🏛️,2
governess,👩‍🏫,1
government,🏛️,3
governmental,🏛️,2
governor,🏛️,2
governorship,🏛️,1
gown,👗,3
grab,✊,2
grace,🙏,2
graceful,💃,2
graceless,🚫,1
gracious,🙏,1
grackle,🐦,1
grad,🎓,2
gradation,🎚️,1
grade,🎓,2
gradient,🎚️,2
gradual,🐢,1
graduate,🎓,3
graduation,🎓,3
graffiti,🎨,2
graft,🌱,1
grain,🌾,2
grainy,📻,1
gram,⚖️,2
grammar,📖,2
grammarian,📖,1
grammatical,📖,1
gramme,⚖️,1
granary,🌾,1
grand,🏰,1
grandee,👑,1
grandeur,🏰,1
grandiloquence,🗣️,1
grandiloquent,🗣️,1
grandiose,🏰,1
grange,🌾,1
granite,🪨,3
grannie,👵,2
granny,👵,3
granola,🥣,2
grant,🎁,1
granular,🟤,1
granulate,🟤,1
granulation,🟤,1
granule,🟤,1
grape,🍇,3
graph,📈,3
graphic,🎨,2
graphics,🎨,2
graphite,✏️,2
graphologist,✍️,1
graphology,✍️,1
grapnel,⚓,1
grapple,🤼,2
grasp,✊,2
grasping,🤑,1
grass,🌱,3
grassy,🌱,2
grate,🧀,2
grateful,🙏,2
gratification,😊,1
gratify,😊,1
gratifying,😊,1
grating,🔥,1
gratis,🆓,2
gratitude,🙏,2
gratuitous,🆓,1
gratuity,💵,2
grave,⚰️,3
gravel,🪨,2
gravelly,🪨,1
graven,⚰️,1
gravitate,🧲,1
gravitation,🍎,2
gravitational,🍎,1
gravity,🍎,2
gravy,🍲,2
gray,🩶,2
grayish,🩶,1
graze,🐄,2
grease,🛢️,2
greasy,🍟,2
great,👍,2
grebe,🦆,1
greed,🤑,2
greedy,🤑,3
green,🟢,3
greenery,🌿,3
greenish,🟢,1
greet,👋,2
greeting,👋,2
greetings,👋,2
gregarious,🥳,1
gremlin,👹,2
grenade,💣,3
grenadier,💣,1
grew,🌱,1
grey,🩶,2
grid,🔲,2
griddle,🍳,2
grief,😢,2
grievance,📝,1
grieve,😢,2
grievous,😢,1
griffin,🦅,1
grill,🍖,3
grille,🔲,1
grim,😠,1
grimace,😬,3
grime,💩,1
grimy,💩,2
grin,😁,3
grind,⚙️,2
grinder,⚙️,2
gringo,🧑,1
grip,✊,2
gripe,😤,2
grippe,🤒,1
grisly,💀,2
grist,🌾,1
gristle,🥩,1
gristly,🥩,1
grit,🪨,1
grits,🥣,2
gritty,🪨,1
grizzled,🐻,1
grizzly,🐻,3
groan,😩,3
grocer,🛒,2
grocery,🛒,3
grog,🍺,1
groggy,😵,2
groin,🦴,1
grommet,⚙️,1
groom,🤵,3
groove,🎶,2
groovy,🎶,1
grope,🤲,1
gross,🤢,2
grotesque,👹,2
grotto,🕳️,2
grouch,😠,2
grouchy,😠,2
ground,🌍,2
grounder,⚾,1
groundless,🚫,1
group,👥,3
groupie,🎤,1
grouse,🐦,1
grout,🧱,1
grove,🌳,2
grovel,🙇,1
grow,🌱,2
growl,😾,2
grown,🌱,1
growth,📈,2
grub,🐛,2
grubby,🧼,1
grudge,😒,2
gruel,🥣,2
grueling,😩,1
gruesome,🩸,2
gruff,😠,1
grumble,😒,2
grumpy,😠,3
grunge,🎸,1
grungy,🧼,1
grunt,🐷,2
guano,💩,1
guarantee,✅,2
guarantor,✍️,1
guaranty,✅,1
guard,💂,3
guarded,🛡️,1
guardian,🛡️,2
guardianship,🛡️,1
guava,🍈,2
gubernatorial,🏛️,1
guerilla,💂,1
guerrilla,💂,2
guess,🤔,2
guest,🙋,2
guffaw,😂,2
guidance,🧭,2
guide,🧭,3
guild,🏛️,1
guilder,💰,1
guile,😏,1
guileful,😏,1
guileless,😇,1
guillotine,🔪,2
guilt,😔,2
guiltless,😇,1
guilty,😔,2
guise,🎭,2
guitar,🎸,3
guitarist,🎸,2
gulag,🏚️,1
gulch,🏞️,1
gulf,🌊,2
gull,🐦,2
gullet,🍽️,1
gullibility,🤥,1
gullible,🤥,2
gully,🏞️,1
gulp,🥤,2
gum,🍬,2
gumbo,🍲,2
gummy,🍬,2
gumption,💪,1
gun,🔫,3
gunk,🟤,1
gunner,🔫,1
gunnery,🔫,1
guppy,🐠,2
gurgle,💧,2
gurney,🛏️,2
guru,🧘,2
gush,💦,2
gusher,💦,1
gushy,💦,1
gusset,🧵,1
gust,💨,2
gusto,😋,1
gusty,💨,2
gut,🫀,1
gutless,😨,1
gutsy,💪,1
gutter,🏠,2
guttural,🗣️,1
guy,🧑,2
guzzle,🥤,2
gym,🏋️,3
gymnasia,🏋️,1
gymnasium,🏋️,3
gymnast,🤸,3
gymnastic,🤸,2
gymnastics,🤸,3
gynecological,🩺,1
gynecologist,🩺,2
gynecology,🩺,1
gyp,🤥,1
gypsum,🪨,1
gypsy,💃,1
gyrate,🔄,2
gyration,🔄,2
gyro,🌯,3
gyroscope,🧭,2
ha,😄,1
haberdasher,👔,1
haberdashery,👔,1
habit,🔁,2
habitability,🏠,1
habitable,🏠,1
habitat,🏞️,2
habitation,🏠,1
habitual,🔁,1
habituate,🔁,1
habituation,🔁,1
habitue,🍸,1
hacienda,🏡,2
hack,💻,2
hacker,💻,3
hackle,🐔,1
hackles,😠,1
hackney,🚕,1
hackneyed,🥱,1
had,✋,1
haddock,🐟,2
haft,🔪,1
hag,🧙,2
haggard,😩,1
haggle,💬,2
hah,😄,1
haiku,✍️,2
hail,🧊,3
hair,💇,3
hairless,🦲,2
hairy,💇,2
hake,🐟,1
halberd,🗡️,1
halcyon,🕊️,1
hale,💪,1
half,½,3
halibut,🐟,2
halitosis,🦠,1
hall,🏛️,2
hallelujah,🙌,2
hallow,⛪,1
hallowed,⛪,1
hallucinate,🌀,2
hallucination,🌀,2
hallucinatory,🌀,1
hallucinogen,🍄,2
hallucinogenic,🍄,1
halo,😇,3
halogen,🧪,1
halt,🛑,3
halter,👚,1
halting,🛑,1
halve,✂️,2
halves,✂️,2
halyard,⛵,1
ham,🍖,3
hamlet,🏘️,2
hammer,🔨,3
hammock,🏝️,3
hamper,🧺,3
hamster,🐹,3
hand,✋,3
handful,✋,2
handle,🖐️,2
handsome,😎,2
handy,🛠️,2
hang,🪢,2
hangar,🛩️,2
hanger,🧥,2
hanging,🪢,1
hangman,🎪,1
hank,🧶,1
hanker,😋,1
hankie,🧻,1
hanky,🧻,2
hansom,🐎,1
haphazard,🎲,1
hapless,😔,1
happen,🎲,1
happening,🎉,1
happy,😊,3
harangue,🗣️,2
harass,😠,1
harassment,😠,1
harbinger,🔮,1
harbor,⚓,3
hard,🪨,2
harden,🪨,1
hardly,🤏,1
hardy,💪,1
hare,🐇,2
harem,👑,1
hark,👂,1
harken,👂,1
harlequin,🎭,2
harlot,💃,1
harm,⚠️,2
harmful,⚠️,2
harmless,🕊️,2
harmonic,🎶,1
harmonica,🎵,3
harmonious,🎶,2
harmonization,🎶,1
harmonize,🎶,2
harmony,🎶,3
harness,🐴,2
harp,🎼,3
harpist,🎼,2
harpoon,🔱,2
harpsichord,🎹,2
harpy,🦅,1
harridan,😠,1
harrow,🚜,1
harrowing,😰,1
harry,😠,1
harsh,😠,1
hart,🦌,1
harvest,🌾,3
has,✋,1
hash,🔢,1
hashish,🌿,1
hasp,🔒,1
hassle,😩,2
hassock,🪑,1
haste,🏃,2
hasten,🏃,2
hasty,🏃,2
hat,🎩,3
hatch,🐣,3
hatchery,🐟,2
hatchet,🪓,3
hate,💔,3
hateful,💢,2
hath,✋,1
hatred,💢,2
hatter,🎩,1
haughty,😤,2
haul,🚛,2
haunch,🦵,1
haunt,👻,2
haunting,👻,2
hauteur,😤,1
have,✋,1
haven,⛺,2
havoc,💥,2
haw,🐴,1
hawk,🦅,3
hawser,⛓️,1
hay,🌾,3
hazard,⚠️,3
hazardous,⚠️,3
haze,🌫️,3
hazel,🌰,2
hazy,🌫️,3
he,🙋,1
head,🗣️,2
heading,➡️,1
headless,👻,1
heady,🥴,1
heal,💊,2
health,💪,2
healthful,🥗,1
healthy,🥗,3
heap,📚,2
hear,👂,3
heard,👂,1
hearing,👂,2
hearken,👂,1
hearse,🚗,2
heart,❤️,3
hearten,❤️,1
hearth,🔥,2
heartily,😋,1
hearty,😋,1
heat,🔥,3
heated,🔥,2
heater,🔥,2
heath,🌿,1
heathen,🙏,1
heather,🌸,1
heave,💪,1
heaven,😇,3
heavenly,😇,2
heavenward,⬆️,1
heavy,🏋️,2
heck,😤,1
heckle,📣,1
hectare,📏,1
hectic,😵,2
hector,😠,1
hedge,🌳,3
hedgerow,🌳,2
hedonism,🍷,1
hedonist,🍷,1
hedonistic,🍷,1
heed,👂,1
heedful,👂,1
heedless,🙉,1
heehaw,🐴,2
heel,👠,2
heft,⚖️,1
hefty,💪,2
hegemony,👑,1
heifer,🐄,2
height,📏,2
heighten,📏,1
heinous,😈,2
heir,👑,1
heiress,👑,1
heirloom,🏺,2
heist,🦹,2
held,✋,1
helices,🌀,1
helicopter,🚁,3
heliotrope,🌸,1
heliport,🚁,2
helium,🎈,3
helix,🌀,2
hell,🔥,2
hellion,😈,1
hellish,🔥,1
hello,👋,3
helm,🚢,2
helmet,🪖,3
helmsman,🚢,1
help,🆘,3
helpful,🤝,2
helping,🍽️,1
helpless,😢,1
hem,🧵,1
hematology,🩸,1
hemisphere,🌐,2
hemispheric,🌐,1
hemispherical,🌐,1
hemoglobin,🩸,1
hemophilia,🩸,1
hemophiliac,🩸,1
hemorrhage,🩸,2
hemorrhoid,🍑,1
hemorrhoids,🍑,1
hemp,🌿,2
hen,🐔,3
hence,➡️,1
henchman,🦹,2
henna,🌿,1
hepatitis,🦠,1
heptagon,🔷,2
her,👩,1
herald,📯,1
heraldic,🛡️,1
heraldry,🛡️,1
herb,🌿,3
herbaceous,🌿,1
herbal,🌿,2
herbalist,🌿,1
herbicide,🧪,2
herbivore,🦌,2
herbivorous,🦌,1
herculean,💪,2
herd,🐄,3
herdsman,🤠,1
here,📍,2
hereditary,🧬,2
heredity,🧬,2
heresy,😈,1
heretic,😈,1
