word,emojis
a,😘;🅰️;💠
abacus,🧮
absorbing,🧽
acceptable,🉑
access,♿️
accessibility,🦾;🦿;🦻;🧏;🦮;🦽;🦼;🦯;🛗
accident,🫗
accordion,🪗
accounting,🧾
act,🤹
action,🎬️
active,🤸
actor,🎭️
actress,🎭️
address,📢
adhesive,🩹
admiration,🥹
admission,🎟️;🎫
adorable,🩷
adore,🥰
adult,🧑;👨;👩;🧓;👴;👵
aerial,🚡
aeroplane,✈️;🛩️;🛫;🛬
afraid,😨
again,🤦;🔄
age,🔞
agree,💯;👊
agreement,🤝
aid,🦻;⛑️;🩼
air,🪟
alarm,🚨;⏰️
alcohol,🍷;🍸️;🍹;🍺;🍻
ale,🍺
alert,🚨
alien,👽️;👾
almond,🌰
alpaca,🦙
alpha,🦁
alphabet,🔤
alternation,〽️
amazement,🫢
amble,🚶
ambulance,🚑️
amoeba,🦠
amount,🤏;🈷️
amulet,🧿;🪬
amusement,🛝;🎡;🎢
anatomical,🫀
anchor,⚓️;🔱
and,🫢;☠️;🫰;👫;🍽️;🍴;⛈️;⚒️;🛠️;🏹;🔩;🛋️;☪️
angel,😇;👼
angelic,😇;🪽
anger,😤;😡;😠;💢;🗯️
angle,📏;📐
angry,😤;😡;😠;👿;👺;💢;🗯️
animal,😺;😸;😹;😻;😼;😽;🙀;😿;😾;🙉;🙊;🐵;🐒;🦍;🦧;🐶;🐕️;🦮;🐩;🐺;🦊;🦝;🐱;🐈️;🦁;🐯;🐅;🐆;🐴;🫎;🫏;🐎;🦓;🦌;🦬;🐮;🐂;🐃;🐄;🐷;🐖;🐗;🐽;🐏;🐑;🐐;🐪;🐫;🦙;🦒;🐘;🦣;🦏;🦛;🐭;🐁;🐀;🐹;🐰;🐇;🐿️;🦫;🦔;🦇;🐻;🐨;🐼;🦦;🦨;🦘;🦡;🐔;🐓;🐣;🐤;🐥;🐦️;🐧;🦅;🦆;🦢;🦉;🦤;🦩;🦚;🦜;🪿;🐸;🐊;🐢;🦎;🐍;🐲;🐉;🐳;🐋;🐬;🦭;🐟️;🐠;🐡;🦈;🐙;🐚;🪼;🦞;🦑;🐌;🐛;🐜;🐝;🪲;🐞;🦗;🪳;🕷️;🪰;🪱
ankle,🦶
anniversary,💝;💞;💕;💏;💑;💐
answer,🟰
ant,🐜
antenna,📡;📶
anxiety,🫪
anxious,😟;😨;😰;😥;🫦
ape,🦧
apocalypse,🧟
apology,🙇
applause,👏
apple,🍎;🍏;🥧
application,🈸
appreciate,🙏
apprehend,👮
approval,👏
aquarium,🪼
archer,🏹;♐️
archery,🏹
argument,🫯
arm,💪;🦾
army,🪖
arrest,👮
arrival,🛬
arrow,💘;📲;📩;🏹;⬆️;↗️;➡️;↘️;⬇️;↙️;⬅️;↖️;↕️;↔️;↩️;↪️;⤴️;⤵️;🔃;🔄;🔙;🔚;🔛;🔜;🔝;🔀;🔁;🔂;▶️;⏩️;⏭️;⏯️;◀️;⏪️;⏮️;🔼;⏫️;🔽;⏬️
art,🎭️;🖼️;🎨
artist,🎨
arty,🎨
ascend,🪽
ask,🙏;🙇
ass,🫏
assassin,🥷
asterisk,✳️
astronomy,⭐️
at,🫵;🌆;🌉
atheist,⚛️
athletic,⛹️;👟
athletics,🤾;🎽
atom,⚛️
attraction,🧲
auto,🛺
automobile,🚗;🚘️;🛻
autumn,🍂;🥮
avalanche,🛘
aviation,🪽
avocado,🥑
award,🎖️;🏅
away,💨
awe,🫢
awesome,😃;😛;😎;👌;👏;🎉
awful,😔;😢;😞
awkward,😐️;😑;😶;😬;😳
ax,🪓
axe,🪓
baa,🐑
babe,💏;💑
babushka,🪆
baby,👶;🤱;👼;🐣;🐤;🐥;🍼;🚼️
back,🥹;🤚;🚪;🔙
bacon,🐷;🐖;🥓
bacteria,🦠;🧫
bad,👎️;🦹
badge,📛
badger,🦡
badminton,🏸
bag,🧳;👜;👝;🛍️;🎒;💰️
bagel,🥯
baggage,🛄;🛅
bait,🪤
bakery,🥯;🧁
balance,🤹;⚖️;♎️
bald,👴;🦲
ball,🏌️;⛹️;🤾;🍙;🎊;⚽️;⚾️;🥎;🏀;🏐;🏈;🏉;🎾;🎳;🏏;🏑;🥍;🏓;🎱;🔮;🪩;🧶
ballet,🥿;🩰
balloon,💬;🗨️;🗯️;💭;🎈
ballot,🗳️;☑️
bamboo,🐼;🎍
banana,🐵;🐒;🍌
band,🪈
bandage,🤕;🩹
bandana,🧕
banjo,🪕
bank,🏦;💰️;💴;💵;💶;💷;💸;💳️;💹;🏧;💱
banner,🎋
bar,🍫;🍶;🍾;🍷;🍸️;🍹;🍺;🍻;🏮;📊;🧼;⏸️;📶
barber,💇;💈
bare,🪾
barf,🤮
bargain,🉐
barrel,🍯
barren,🪾
barrier,🚧
basket,🧺
bat,🦇;🏏;🏓
bath,🛀;🛁
battery,🔋;🪫
beach,😎;🏄️;🐳;🐋;🐬;🐚;🌴;🏖️;🌞;👙;🩴
beacon,🚨
bead,🧿
bear,🐻;🐨;🍯;🧸
beard,🧔
bearer,🐍;♒️;⛎️
beast,💪
beat,🫀;🪘
beating,💓
beauty,👄;💇;🪷;🌹
beaver,🦫
beckon,🫴
bed,😴;🛌;🛏️
bee,🐝
beer,🫚;🍺;🍻
beet,🫜
beetle,🪲;🐞
befuddled,😕
beg,🙏;🙇
beginner,🔰
behind,⛅️;🌤️;🌥️;🌦️
believe,😮
bell,🫑;🛎️;🎐;🔔;🔕
belly,🫃;🫄
bench,💪
bent,🦵;🧢
berry,🍓;🫐
bet,👌;💰️
beverage,☕️;🍵;🍶;🍷;🧃
bewilder,🤦
biceps,💪
bicycle,🚴;🚵;🚲️;🚳
bicyclist,🚴;🚵
big,😃;🥺;🐯;🐅;🐆
bike,🚴;🚵;🚲️;🔐;🚳
bikini,👙
bill,💴;💵;💶;💷;💸
billion,💰️;💷;💸;💲
billionaire,🚤
bin,🚮
biologist,🧫;🧬
biology,🧫
bird,🦃;🐔;🐓;🐣;🐤;🐥;🐦️;🐧;🕊️;🦅;🦆;🦢;🦉;🦤;🪶;🦩;🦚;🦜;🪽;🪿;🪺
birdie,🏌️;🏸
birth,🍼
bison,🦬
bisque,🦞
bit,🤏
bite,🫦;🦟
biting,🫦
black,🖤;✒️;⚫️;⬛️;◼️;◾️;▪️;🔲;🏴
blame,😨;😞;😠
blank,😐️;😶
bleed,🩸
bless,⛪️
blessed,😇;🙏
blind,🦮;🦯
bloated,🫪;🫃;🫄
block,🫷;🫸
blond,👱
blood,🧛;🩸;🅰️;🆎;🅱️;🅾️
bloom,🪻
blossom,🌸;🌼;🌷
blouse,👚
blow,🍃;🌬️
blown,🤯
blue,🥶;😰;💙;🩵;🫐;👕;👖;📘;🧿;🔵;🟦;🔷;🔹
blush,😊;😚
boar,🐗
board,🛹;🎬️
boat,🚣;⛵️;🛶;🚤;⛴️;🛥️;🚢
body,💀;👂️;👃;👀;👁️;👅;👄
bolt,🔩
bomb,💥;💣️
bone,☠️;🦴;🍖;🍗
boo,👻
book,📔;📕;📖;📗;📘;📙;📚️
boom,💥;👊;🎆;🎇;💣️
boomerang,🪃
boot,🥾;👢
booze,🍷;🍸️;🍹;🍺;🍻
born,🍼
boss,😏
bottle,🍼;🍶;🍾;🧴
boulder,🪨
bouncing,⛹️
bouquet,💐
bow,🙏;🙇;🎁;🏹
bowl,🥣;🍜;🏈
bowling,🎳
box,🍱;🥡;🧃;🎁;🪗;📤️;📥️;📦️;🗳️;🗃️;🧰;☑️
boxing,🥊
boy,👦
brain,🧠
brainy,🤓
branch,🪹;🪺
brass,🪊
brawl,🫯
bread,🍞;🥐;🥖;🫓;🥯;🥪
break,💔;🔔
breast,🤱
breath,🫁
breathe,🫁
brew,🫖
brick,🧱
bridge,🌉
briefs,🩲
bright,😎;🧒;👦;👧;☀️;🌝;🌞;🔆
broccoli,🥦
broken,💔
brontosaurus,🦕
bronze,🥉
broom,🧹
brown,🤎;👞;🥾;🟤;🟫
brr,🧥
brush,🪥
bubble,💬;🗨️;🗯️;💭;🧋;🫧
bucket,🪣
buffalo,🦬;🐃
bug,🐛;🪲;🦗
build,👷;📲
building,🏛️;🏗️;🏠️;🏡;🏢;🏣;🏤;🏥;🏦;🏨;🏩;🏪;🏫;🏬;🏭️;🏯;🏰;🌆;🌇
bulb,💡
bull,🐂;🎯;♉️
bullet,🚅
bump,👊
bundle,🧣;🧥
bunny,👯;🐰;🐇
buoy,🛟
burger,🍔
burn,🪼;🔥
burp,🫧
burrito,🌯
burro,🫏
bury,🪏
bus,🚋;🚌;🚍️;🚎;🚐;🚏
business,🕴️;🈺
bust,👤;👥
but,😥
butter,🧈
button,🔄;🔀;🔁;🔂;▶️;⏩️;⏭️;⏯️;◀️;⏪️;⏮️;🔼;⏫️;🔽;⏬️;⏸️;⏹️;⏺️;⏏️;🔅;🔆;✅️;❎️;🅰️;🆎;🅱️;🆑;🆒;🆓;🆔;🆕;🆖;🅾️;🆗;🅿️;🆘;🆙;🆚;🈁;🈂️;🈷️;🈶;🈯️;🉐;🈹;🈚️;🈲;🉑;🈸;🈴;🈳;㊗️;㊙️;🈺;🈵;🔘;🔳;🔲
bye,👋
cab,🚕;🚖
cabbage,🥬;🥦
cabbie,🚕;🚖
cabinet,🗄️
cable,🚠;🚡
caboose,🚂
cactus,🌵
caddy,🏌️
cafe,☕️
caffeine,☕️
cake,🍥;🥮;🎂;🍰
calculation,🧮
calculator,🧮
calendar,📅;📆;🗓️
call,😥;🤙;📲
calm,😌;🪷
camcorder,📹️
camel,🐪;🐫
camera,🤳;🎥;📷️;📸;📹️;🎦
can,🥫;🗑️
cancel,✖️;❌️
cancer,🦀;♋️
candelabrum,🕎
candle,🕯️
candy,🍫;🍬;🍭;🪅
cane,🦯;🩼
canned,🥫
canoe,🚣;🛶
cantaloupe,🍈
cap,👲;🎓️;🧢
car,🚃;🚞;🚋;🚓;🚔️;🚕;🚗;🚘️;🚙;🛻;🚚;🚛;🏎️;🛞;🚨;🚡
card,♠️;♥️;♦️;♣️;🃏;🎴;💳️;🗂️;📇;🗃️;🪧;🪪;🟥;🟨
cardiac,💛
cardinal,⬆️;➡️;⬇️;⬅️
cardiology,🫀
care,💅
carousel,🎠
carp,🎏
carpenter,🪚
carpentry,🪚
carrot,🥕
cart,🛒
cartoon,💭
case,🛄;🛅
cash,💰️;💷;💸;💳️;🏧;💲
casino,🎰
cask,🪣
casserole,🥘
castle,🏯;🏰
casual,👕;👖
cat,😺;😸;😹;😻;😼;😽;🙀;😿;😾;🐱;🐈️;🐯;🐅;🐆
catch,🫴;🤾;🪝
caught,😦
caution,⚠️
celebrate,🥳;🥂;🎈;🎉;🎊;🪅
celebration,🥳;🙌;🎅;🤶;🎂;🎃;🎄;🎆;🎇;🎈;🎉;🎊;🎋;🎍;🎎;🎏;🎐;🎑;🎀;🎁;🎗️;🎖️;🪅;🎓️;🎌
cell,📱;📲;📵;📶;📳;📴
cemetery,🪦
censor,🤬
cereal,🥣
ceremony,🎑
chain,⛓️
chair,💺;🪑
champion,🏆️
championship,⛹️
change,🪸
chapel,💒;⛪️
charge,💳️;💲;🈂️;🈶;🈚️
charm,🧿
chart,💹;📈;📉;📊
check,🛫;✅️;☑️;✔️
checked,🛄;✅️;☑️;✔️
checkered,🏁
cheerful,😀
cheery,😀
cheese,🧀;🍕;🫕;🪤
chef,🔪
chemist,🧪
chemistry,⚗️;🧪
chemotherapy,🦲
cherry,🌸;🍒
chess,♟️
chest,🪎;🧰
chevron,🔰
chick,🐣;🐤;🐥
chicken,🐔;🍗
child,🧒;👦;👧;👪️;🚸
children,👶;🚸
chime,🎐
chin,🤔
chip,🍪
chipmunk,🐿️
chocolate,🫕;🍪;🍫
chop,💇;🥩;🪓
chuck,🤾
church,👼;⛪️;🔔
cigarette,🚬
cinema,🎥;🎞️;📽️;🎦
circle,🛞;⏺️;⭕️;Ⓜ️;🔴;🟠;🟡;🟢;🔵;🟣;🟤;⚫️;⚪️
circus,🎪
citation,👮
citrus,🍊;🍋
city,🏢;🏙️;🌆
clack,🪭
claim,🛄
clamp,🗜️
clap,👏;🪭
clapper,🎬️
class,🚲️
classical,🏛️
classy,🧐
clay,🧱
clean,🧼;🫧;🪥
clever,🤓
climate,🪸
climb,🧗;🪜
clink,🍻;🥂
clock,⌚️;⏰️;⏱️;⏲️;🕰️;🕛️;🕧️;🕐️;🕜️;🕑️;🕝️;🕒️;🕞️;🕓️;🕟️;🕔️;🕠️;🕕️;🕡️;🕖️;🕢️;🕗️;🕣️;🕘️;🕤️;🕙️;🕥️;🕚️;🕦️
clockwise,🔃;🔁;🔂
close,😥;😓
closed,😆;😚;😙;😝;😽;🌂;📕;📫️;📪️;🔒️;🔐
closet,🚪;🚾
clothes,🥼;👕;👖;👗;👚;👛;👜;👝;👞;👟;👠;👢;👒;🎩
clothing,👣;🌂;☂️;☔️;👓️;👔;👕;👖;👗;👘;🥻;👙;👚;👛;👜;👝;👞;👟;👠;👡;👢;👑;👒;🎩;🎓️;📿
cloud,🫯;💨;💭;☁️;⛅️;⛈️;🌤️;🌥️;🌦️;🌧️;🌨️;🌩️;🌪️;🌫️;🌬️
cloudy,⛅️
clover,🍀
clown,🤡
club,🍷;🍸️;🍹;♣️
clue,🫆;🧩;🗝️
clutch,👝
coaster,🎢
coat,🥼;🧥
coconut,🥥
coffee,☕️
coffin,⚰️
cog,⚙️
coin,👛;🪙
cold,😅;😷;🥶;😰;😓;🧊;🏔️;🌨️;❄️;☃️;⛄️;💧;🧣;🧥
collage,📌
collar,👕;👚
collide,💥
collision,💥
colorful,🦚;🎨
comb,🪮
combat,🤼
come,🫴
comet,☄️
comfort,🫂
comfortable,👘
comfy,🥿
comic,💩;💢;💥;💫;💦;💨;💬;💭;💤;💧;💡;💣️;💠
communication,📢;📱;📲;📞;📟️;📠;📰;📩;📦️;📫️;📝;📶;📳
compass,🧭
complete,✅️
complicated,😥
compress,🗜️
computer,💻️;🖥️;🖨️;⌨️;🖱️;🖲️;💽;💾;💿️;📀;🛜
concentrate,😣
concentration,😣
concertina,🪗
conch,🐚
condiment,🧂;🫙
confetti,🎊
confused,😕;🫤;😖
confusing,😕
confusion,🫤
conga,🪘
congratulations,👏;㊗️
consider,🤔
construction,👷;🏗️;🚧;🚩
contact,🔎;🔭;📡
container,🫙
control,🎛️;🛂
controller,🎮️
convenience,🏪
convoluted,🥨
cookie,🥠;🍪
cooking,🍳;🍽️;🍴;🔪;🏺
cool,😛;😎;🪭;🆒
cop,👮
copter,🚁
coral,🪸
cord,🪢
cork,🍾
corn,🌽;🍿
correct,👊
cosmetics,💅;💄
cosmetology,💇
cost,😲;😫;💰️
couch,🛋️
counterpart,👯
country,🏠️;🏡
couple,👭;👫;👬;💏;💑
cover,📔
cow,🐮;🐄
crab,🦀;♋️
cracked,🔓️
cracker,🍘
crane,🏗️
crayon,🖍️
crazy,😜;🤪;🫨;😳
cream,🍦;🍨
creative,🎨
creature,👹;👺;👻;👽️;👾;🧜;🫈;🐙
credentials,🪪
credit,💳️
crescent,🥐;🌒;🌘;🌙;☪️
cricket,🦗;🏏
crime,🫆
criminal,🦹
cringe,😖
crochet,🧶
crocodile,🐊
croissant,🥐
crook,🪝
cross,🤞;🧘;⛪️;⛑️;✝️;☦️;❌️;❎️;🎌
crossbones,☠️
crossing,🚸
crown,🫅;🤴;👸;👑
cruise,🚣
crush,🥰
crutch,🩼
cry,🥹;😢;😭;😿
crying,🤣;😂;😪;😢;😭;😩;😿
crystal,🔮
cube,🧊
cubical,🏢
cucumber,🥒
culture,🧫
cup,🍵;🍶;🥤;🪠
curious,🦝
curl,📃;➰️;➿️
curly,🦱;➰️;➿️
currency,💴;💵;💶;💷;💹;💱;💲
curry,🍛
curve,🪝
custard,🍮
cut,💇;🥩;💈;✂️;🪚
cute,🩷;🩵
cutlery,🍴
cutting,✂️
cycle,🚴;🚵;🚲️
cyclist,🚴;🚵;🚲️
cyclone,🌀
cygnet,🦢
dad,🧢
dagger,🗡️
dairy,🧈
dam,🦫
dance,💃;🕺;🪩;🪭;🩰;🪇
dandelion,🌼
danger,🛘;⚡️
dangerous,💣️
dapper,😏
dark,🌑;🕶️
dart,🎯
dash,💨;〰️
dashing,💨
data,📈;📉;📊
date,😗;😚;😙;💘;💕;💏;💐;💄;📅
daughter,👧
day,🧖;🌞
daze,🫨
dead,😑;😵;😳;💀;☠️;🧟;🪾;⚰️;🪦
deaf,🧏
deal,🤝
death,💀;☠️;⚰️;⚱️
debate,🫯
deciduous,🌳
decor,🪴
decoration,💟;🎍
decorative,📔
deer,🦌
dejected,😅;😔;😞
delicious,😋;🍴
delivery,🥡;🚚;📦️
demon,😈;👿
demonstration,🪧
denim,👖
dental,🪥
dentist,😬;😷;🦷
department,🏬
departure,🛫
depressed,🫥
derelict,🏚️
dermatologist,😷
desert,🐪;🐫;🌵;🏜️;🏝️
dessert,🍡;🍦;🍧;🍨;🍩;🍪;🎂;🍰;🧁;🍫;🍬;🍭;🍮
detective,🕵️;🫆
devil,😈;👿;👹
diagonal,🫤
dialog,💬;🗨️
diamond,♦️;💍;💎;🔶;🔷;🔸;🔹;💠
diaper,🧷
dice,🎲
die,🎲
diesel,⛽️
diet,🍎
difficult,☯️
dig,🪏
dim,🔅
dinner,🐟️;🍽️;🍴
dinosaur,🦕;🦖
direct,🎯
direction,🧭;⬆️;↗️;➡️;↘️;⬇️;↙️;⬅️;↖️
disability,🩼
disagreement,🫯
disappear,🫠;🫥
disappointed,😔;🫤;😥;😞;🙍;🙎
disapproval,🤨
disaster,🛘
disbelief,🫢;🤨;😳;🤦
disc,🥏
disco,🪩
discount,🈹
disease,🦟;🪰
disgruntled,🙍
disguise,🥸
dish,🧫;📡
disk,💽;💾;💿️;📀
dislike,👎️
dismiss,🫳
dissolve,🫠
distraught,😖
distrust,🤨
disturbed,🙍
dive,🥽
divide,➗️
division,➗️
dizzy,🥴;😵;💫;🌀
do,📋️;⛔️
doctor,😷;🏥;🥼;💉;💊;🩺;🩻
document,📃;📄;🪪
dodo,🦤
dog,🦴;🐶;🐕️;🦮;🐩;🌭
doll,🎎;🪆
dollar,🪙;💰️;💵;💸;💲
dolphin,🐬
donation,🩸
done,💅;⌛️;⏳️;✅️;☑️;✔️
donkey,🫏
donut,🍩
door,🚪
dope,👌
dot,💠
double,👯;⏩️;⏪️;⏫️;⏬️;⏸️;‼️;➿️
doubt,🫤;🤷
doubtful,🫤
dove,🕊️
down,🙃;🫳;👇️;👎️;🐨;📩;📉;↘️;⬇️;↙️;↕️;⤵️;🔽;⏬️;🔻
downward,📉
downwards,🔽
dragon,🐲;🐉;🀄️
dream,💭
dress,👗;🥻;👚;👛;👜;👝;👠;👢
dressage,🐴
dribble,⛹️
drink,🍼;🥛;☕️;🫖;🍵;🍶;🍾;🍷;🍸️;🍹;🍺;🥂;🫗;🥤;🧉;🏺
drip,💦;🫟
drive,🚐;🚕;🚙;🚚;🚛
dromedary,🐪
drop,🫳;☔️;💧;🩸
droplet,💦;💧
drought,🌵;🪾
drove,🚖;🚘️;🚦
drum,🛢️;🥁;🪘
drunk,🥴;🍹
dry,🚱
duck,🦆;🪿
duckling,🦢
duel,🤼
dumpling,🥟
dung,💩
dupe,♟️
dusk,🌆;🌇
dying,🥵;🥀
dynamite,🧨
eagle,🦅
ear,👂️;🦻;🧏;👯;🌾;🌽
earth,🌍️;🌎️;🌏️;🌐
east,➡️
easy,🍳
eat,😋;🍔;🍽️;🍴;🥄
edge,📏
education,🎒;🎓️;📔;📕;📖;📗;📘;📙;📚️
egg,🐣;🪺;🥚;🍳
eight,🕗️;🕣️;🎱;✳️;✴️;8️⃣
eighteen,🔞
eject,⏏️
elderly,🧓;👴;👵
electric,🚃;⚡️;🔌;💡;🔦
electricity,⚡️;🔌
electronic,🪫
elegant,💃;🕺;🌹
elephant,🐘
elevator,🛗
eleven,🕚️;🕦️
elf,🧝
elk,🫎
elves,🧝
embarrass,🫢;🫣
emblem,🔱
embrace,🫂
embroidery,🪡
emergency,🚑️;🚨;🦺
emotion,💘;💝;💖;💗;💓;💞;💕;💟;💔;❤️;🩷;💛;💚;💙;🩵;💜;🩶;💋;♥️
empty,🪹;🫗;🫙
enchantment,🧝
end,🔚
energy,🪫
engaged,💍
engagement,💍;💎
engine,🚂;🚒
ensnare,🪝
entertainment,🎠;🎆;🎣;🎯;🎮️;🎲;🎭️;🎨;📻️
entry,⛔️;🚫
envelope,🧧;✉️;📨;📩
epic,😜;😯;😱
equal,🟰
equality,🟰
equestrian,🐎
equine,🐴
eruption,🌋
euro,🪙;💶
evening,🌆
evidence,🧾
evil,😈;👿;🙈;🙉;🙊;🖤;🦹;🧿
evolution,🧬
ewe,🐑
exasperation,🤦
exchange,💱
excited,😅;🤩;🥳;👻;💖;💗;👏;🤸;🎉
exclamation,❣️;‼️;⁉️;❕️;❗️
exercise,🙆
exhalation,🫁
exhausted,🫩
expendable,♟️
expensive,🫰
experiment,🥼;🧪;🔬
expert,🤓
explode,🤯;💥
explosion,💣️
explosive,🧨
expressionless,😐️;😑;😶
extinction,🦣;🦤
extinguish,🧯
extra,🛸
eye,😄;😁;😊;😍;😚;😙;😜;🤪;😝;🫣;😸;😻;😽;👀;👁️;👓️;🕶️;🥽;🧿
face,😀;😃;😄;😁;😆;😅;🤣;😂;🙂;🙃;🫠;😉;😊;😇;🥰;😍;🤩;😘;😗;☺️;😚;😙;🥲;😋;😛;😜;🤪;😝;🤑;🤗;🤭;🫢;🫣;🤫;🤔;🫡;🤐;🤨;😐️;😑;😶;🫥;😏;😒;🙄;😬;🤥;🫨;😌;😔;😪;🤤;😴;🫩;😷;🤒;🤕;🤢;🤮;🤧;🥵;🥶;🥴;😵;🤠;🥳;🥸;😎;🤓;🧐;😕;🫤;😟;🙁;☹️;😮;😯;😲;😳;🫪;🥺;🥹;😦;😧;😨;😰;😥;😢;😭;😱;😖;😣;😞;😓;😩;😫;🥱;😤;😡;😠;🤬;😈;👿;💀;☠️;💩;🤡;👹;👺;👻;👽️;👾;🤖;😺;😸;😹;😻;😼;😽;🙀;😿;😾;🙈;🙉;🙊;👀;👼;💆;🗣️;🐵;🐶;🐺;🦊;🐱;🦁;🐯;🐴;🦄;🐮;🐷;🐽;🐭;🐹;🐰;🐻;🐨;🐼;🐸;🐲;🐳;🌚;🌛;🌜️;🌝;🌞;🌬️;⛑️;🗿
facing,🤛;🤜;🐥;📄
factory,🏭️
fail,😞;😩;⛔️
fairy,😇;😈;👿;💀;👹;👺;👻;👽️;👾;🤴;👸;👼;🎅;🤶;🧚;🧌;🐲;🐉;🔮
faithful,💯
fall,🍂
fallen,🍂
family,👪️;👑
fan,🪭
fancy,🧐;👗;👛;🎩
fantasy,😇;😈;👿;👹;👺;👻;👽️;👾;🤴;👸;👼;🎅;🤶;🧙;🧚;🧝;🧞;🧌;🔮;📖;📗;📘;📙;📚️
farm,🐴;🐎;🐮;🐂;🐄;🐷;🐖;🐽;🐑;🐐;🌽
farming,🧺
fart,💨
fashion,👠
fast,💨;🏃;🍔;🍟;👟;⏩️;⏪️;⏫️;⏬️
father,🎅
favor,🙇
fax,📠
fear,😨;😱;🫦
fearful,😨;😱
feather,🪶
feed,🍴
feelings,🥹
feet,🦶;🐾;👞
female,🐑;♀️
fencing,🤺
ferry,⛴️
festival,🥮;🎎
festive,💃;🕺;🪅
fetch,💁
fever,🤧;🦟
feverish,🥵
field,🏑
fife,🪈
fight,🫯;🥷
fighter,🥷
file,📁;📂;🗃️;🗄️
filing,🗄️
filling,🥧
film,🎥;🎞️;📽️;🎦
fine,😐️;😑;😒
finger,🖐️;🖖;🤞;🫰;🤘;👈️;👉️;👆️;🖕;👇️;☝️;🫵
finish,🏁
fire,🚒;🔥;🧨;🧯
first,🌓;🌛;🥇
fish,🐟️;🐠;🐡;🦈;🍥;🎣;♓️
fishing,🚣;🦦;🐟️;🎣
fist,✊️;👊;🤛;🤜
five,✋️;🫷;🫸;🙏;🕔️;🕠️;5️⃣
fix,👷
fixed,✅️
flag,⛳️;📫️;📪️;📬️;📭️;🏁;🚩;🏴;🏳️;🏴󠁧󠁢󠁥󠁮󠁧󠁿;🏴󠁧󠁢󠁳󠁣󠁴󠁿;🏴󠁧󠁢󠁷󠁬󠁳󠁿
flair,💃;🕺
flamboyant,🦩
flame,🔥
flamenco,💃;🕺
flamingo,🦩
flash,📸
flat,🥿
flautist,🪈
flavor,🧂
flavoring,🧄;🧅
flex,💪
flick,💁
flight,🪶
flip,💁;🤸;🩴
flipper,🐬
flirt,😉;😘;😗;😚;😙;😏;🫦;👭;👫;👬;🪭
float,🛟
flock,🪿
floor,🤣
flop,🩴
floppy,💾
flower,💐;🌸;💮;🪷;🌹;🥀;🌺;🌻;🌼;🌷;🪻;🎴
flu,🤧;💉
fluctuate,🪀
fluffy,🐩;🐑
flute,🪈
flutter,🍃;🪭
fly,🕊️;🪽;🪰;✈️;🪁;💸
flying,🪽;✈️;🛸;🥏
focus,😣
fog,🌁;🌫️
foggy,🌁
folder,📁;📂
fondue,🫕
food,😋;🦐;🦑;🥭;🍎;🫐;🥝;🍅;🫒;🥑;🥔;🥕;🫑;🥒;🥜;🫘;🫜;🍞;🥐;🥖;🫓;🥞;🥓;🍔;🍟;🍕;🫔;🥙;🥚;🥘;🍲;🫕;🥗;🥫;🍱;🍘;🍙;🍚;🍛;🍜;🍝;🍠;🍢;🍣;🍥;🥡;🍦;🍨;🍩;🍭;🍯;🫖;🧋;🍴
foot,🦵;🦶;👞
for,🔰;🈺
forbidden,🙈;🙉;🙊;🙅;🔕;⛔️;🚫;🚳;🚭️;🚯;🚷;📵;🔞
force,🪠
forest,🫈;🌲;🌳
forgive,🙇
forgot,😮;😧;🙈
fork,🍽️;🍴
formal,🤵;🎩
fortune,🥠;🔮;🪬;🔯
forward,⏩️
fountain,⛲️;🖋️
four,🍀;🕓️;🕟️;4️⃣
fowl,🪿
fox,🦊
frame,🖼️;🪟
frankfurter,🌭
free,🆓;🈶;🈚️
fresh,💈;🪟
fried,🍤
friend,👥
friendship,🫂
fries,🍟
frog,🐸
from,😤
front,🐥;🚪
frown,😕;🙁;☹️;😦;🙍;🙎
fruit,🍇;🍈;🍉;🍊;🍋;🍌;🍍;🥭;🍎;🍏;🍐;🍑;🍒;🍓;🫐;🥝;🍅;🥑;🥧
frustrated,🫤;😖;😠;🙍
frustration,🫤
fry,🍳
fuel,⛽️
full,😋;💯;🫃;🫄;🌕️;🌝
fume,😤
funeral,⚱️
fungus,🍄
funny,🤣;😂;😜
furious,😤
fury,😤
future,🔮
gaggle,🪿
gait,🚶
gamble,🎰
gambling,🎰
game,👾;🏐;🎳;🏏;🏑;🏒;🏓;🏸;🥌;🎯;🎱;🎮️;🕹️;🎰;🎲;♠️;♥️;♦️;♣️;🃏;🀄️;🎴;🏁
gander,🪿
gang,🚲️
garbage,🗑️
garden,🐌;🐛;🐜;🐞;🫜;🏡;👒;🪏
garlic,🧄
gas,⛽️
gasoline,⛽️
gasp,🫢
gay,🌈
gear,⚙️
geek,🤓
geese,🪿
gem,💎;🪎
gene,🧬
genetics,🧬
genie,🧞
geometric,🔴;🔵;⚫️;⚪️;⬛️;⬜️;◼️;◻️;◾️;◽️;▪️;▫️;🔶;🔷;🔸;🔹;🔺;🔻;💠;🔘;🔳;🔲
gesture,🙈;🙉;🙊;🤌;🤟;🙌;🙏;🙍;🙅;🙆;🙋;🧏;🙇
gesundheit,🤧
ghost,👻
giant,🫈
gift,🧧;🎁
gifted,🤓
giggle,🤭
ginger,🦰;🫚
giraffe,🦒
girl,👧
glad,😊;🥲
glass,🥛;🍷;🍸️;🥂;🥃;🫗;🔍️;🔎
glide,🪂
glitter,🪩
glittery,🌟
globe,🌍️;🌎️;🌏️;🌐
glove,🥎;🥊
glow,🌟
glowing,🌟
go,💨
goal,🥍;🥅
goat,🐐;♑️
gobble,🦃
goblin,👺
goggles,🥽
gold,🏅;🥇;🪙;💰️;🪎
golf,🏌️;⛳️;🚩
gondola,🚠;🚡
gone,💨
goo,👶
good,🫡;😪;😴;💖;💤;👍️;👎️;👏;🦸;🛌;🧧
goofy,🤪
goose,🪿
gorilla,🦍
gossip,💁
got,👌
grade,🈴
graduation,🎓️
grain,🌾;🍞
granny,👵
grape,🍇
graph,💹;📈;📉;📊
grapple,🤼
grateful,🥲;🥹
gratitude,🥹
grave,🪦
gray,🩶;🦳
great,👏
green,💚;🏌️;🌳;🍏;🥬;🥗;📗;🔰;🟢;🟩
greetings,👋
grey,🩶
grimace,😬;🙎
grin,😀;😃;😄;😁;😸
grizzly,🐻
groom,💇;🪮
groove,💃;🕺
gross,😝;🤢;🤮
ground,⛱️
grow,🪴
growl,🐻
growth,🌷;💹;📈
guard,😦;💂
guess,🤷
guide,🦮;🪬
guitar,🎸
gun,🔫
gym,💪
gymnastics,🤸
gyro,🥙
habitat,🌳
hail,🚖
hair,👱;💇;🦰;🦱;🦳;🦲;🪮
hairless,🦲
hairy,🫈
halo,😇
halt,🫷;🫸
hammer,🔨;⛏️;⚒️;🛠️
hamster,🐹
hand,🤭;🫢;👋;🤚;🖐️;✋️;🖖;🫱;🫲;🫳;🫴;🫷;🫸;👌;🤌;🤏;✌️;🤞;🫰;🤟;🤘;🤙;👈️;👉️;👆️;🖕;👇️;☝️;🫵;👍️;👎️;✊️;👊;👏;🙌;👐;🤝;🙏;✍️;🙅;🙆;💁;🙋;👭;👫;👬;🧤;🪭;🪬
handle,🤹;🍵
handy,🪛
hang,🤙;🪂
happy,😀;😃;😄;😁;😆;🤣;😂;🙂;😇;☺️;🥲;🥳;🤸;🎂
hard,🦻
harp,🪉
hat,🤠;🥳;👷;👲;👒;🎩;🎓️;🧢;⛑️
hatchet,🪓
haunting,👻
head,🤕;🤯;🧕;🗣️
health,🍎;🫚
hear,🙉;👂️;🧏
hearing,👂️;🦻
heart,🥰;😍;😘;😻;💌;💘;💝;💖;💗;💓;💞;💕;💟;❣️;💔;❤️;🩷;🧡;💛;💚;💙;🩵;💜;🤎;🖤;🩶;🤍;💋;🫰;🫶;🫀;💏;💑;🏠️;🏡;♥️;🩺
hearth,💟
heat,🫠;🥵;😳;🌞
heavenly,🪽
heavy,❣️;🪨;➖️;➗️;🟰;💲;⭕️;✔️
heel,👠
helicopter,🚁
hello,👋;🫂
helmet,💂;🪖;⛑️
help,🩼;🆘
herb,🌿;🫚
herd,🦬
here,🙋;🈁
hero,🦸
hey,👋
hi,👋
hibiscus,🌺
hidden,🫥;🥷
hide,🫣;🫥;🙈
high,✋️;🫷;🫸;🙏;🚄;🚅;⚡️;👠;🔊
hike,🚶
hilarious,🤣;😂
hippo,🦛
hippopotamus,🦛
hit,🎯
hockey,🏑;🏒
hoist,🛗
hold,🫱;🫲;🫴;🫷;🫸;🤌;👭;👫;👬
holding,🥹;👭;👫;👬
hole,🕳️;⛳️;🪏
holiday,🎅;🤶
hollow,⭕️
home,🪹;🛖;🏚️;🏠️;🏡;🔨;🔧;🔩
honey,🐻;🦡;🐝;🍯
honk,🪿
hook,🪝
hoop,🏀
hooray,🥳;🙌;🎉
horizontal,🚥
horn,🥳;📯
horoscope,♈️;♉️;♊️;♋️;♌️;♍️;♎️;♏️;♐️;♑️;♒️;♓️
horrible,😝
horror,🧟
horse,🏇;🐴;🐎;🎠
hospital,🏥
hot,🫠;🥵;😳;🌶️;🌭;☕️;♨️;🔥;🪭;💣️
hotel,🛌;🏨;🏩;🛎️;🛍️;🛏️;🛋️
house,🪴;🛖;🏘️;🏚️;🏠️;🏡
hug,🤗;👐;🫂
huh,🤌
human,👱
hump,🐪;🐫
hundred,💯
hungry,😋;😩;🍗;🍔;🍕;🍴
hurl,🤾
hurricane,🌀
hurry,🏃
hurt,🤕;🩼
hut,🛖
hyacinth,🪻
hygiene,🪥
i,ℹ️
ice,🍦;🍧;🍨;🧊;🏒;⛸️
id,🪪;🆔
idea,💭;💡
identical,👯
identification,🪪
identity,🫆;🆔
ignorance,🤷
ill,🤒
imp,👿
improvement,🔨;🔧;🔩
in,😱;🤵;🕴️;🧖;🧘;🛌;👤;👥;🍃;🛫;⛳️;🚮
incognito,🥸
incoming,📨
indecisive,🧇
index,🫰;👈️;👉️;👆️;👇️;☝️;🫵;🗂️;📇
indifference,🤷
indigo,🪻
infant,👶;🍼
infinity,♾️
information,ℹ️
inhalation,🫁
injury,🤕;🩸
ink,🔏;🫟
innocent,😇
input,🔠;🔡;🔢;🔣;🔤
insect,🦋;🐛;🐜;🐝;🪲;🐞;🦗;🪳;🕷️;🦟;🪰
instrument,🎷;🎺;🪊;🪗;🎸;🎹;🎻;🪘;🪇;🪈;🪉
intelligent,🤓;🧠
interrogation,🤌
intersection,🚥;🚦
introvert,🫥
invent,💭
invention,💭
invertebrate,🪼
invisible,🫥
invoice,🧾
iron,🧇
ironic,😼
island,🏝️
jack,🎃
jacket,🥼;🧥
jar,🍯;🫙
jazz,👐;🪊
jealous,😐️;😑;😒
jeans,👖
jelly,😒;🪼
jet,✈️
jewel,💎
job,👏;🏢
jockey,🏇
joke,😜
joker,🃏
journey,🛄
joy,🤣;😂;🥲;🥹;😹
judo,🥋
jug,🏺
juggle,🤹
juice,🥤;🧃
jump,🦘
justice,⚖️;♎️
kale,🥬
kangaroo,🦘
karaoke,🎤
karate,🥋
kebab,🥙;🍢
keep,🤐;💯
kerchief,🧕
key,🔐;🔑;🗝️
kick,🦵;🦶;🛴;👞;👟
kid,🧒;👦;👧
kidney,🫘
kimono,👘
king,🤴;👑
kiss,😘;😗;😙;😽;💋;👄;🫦;💏;💑
kitchen,🔪
kite,🪁
kitten,🐱;🐈️
kitty,🐱
kiwi,🥝
knee,🦵
kneel,🧎
knife,🍽️;🍴;🔪;🗡️
knit,🧶
knot,🪢
know,🫴;🙋
knowledge,📖;📚️
knuckle,👊
koala,🐨
lab,🥼;🔍️;🔎;🧪;🧫;🔬
label,🏷️
lacrosse,🥍
ladder,🪜
lady,👩;👵;🐞;👚;👜
lake,🚣;🚤
lamb,🐑
lamp,🧞;🪔;🛋️
landing,🛬
lantern,🎃;🏮
large,🤪;🦣;🦤;🌥️;⭕️;⬛️;⬜️;🔶;🔷
last,🌗;🌜️;⏮️
late,🫩;⏰️
lather,🧼
laugh,😀;😄;😆;🤣;😂;😹
launch,🚀
laundry,🧺
lavatory,🚹️;🚺️;🚻;🚾
lavender,🪻
law,👮
lazy,🦥
leaf,🌿;🍀;🍁;🍂;🍃;🔰
leafless,🪾
leafy,🥬
ledger,📒
leer,😏
left,🗨️;🫲;👈️;🤛;🔍️;🛅;↙️;⬅️;↖️;↔️;↩️;↪️;◀️
leg,🦿;🦵;🍗
legged,🧘
legit,👌
legume,🫘;🫛
lemon,🍋
leopard,🐆
lesbian,🌈
letter,💌;✉️;📧;📨;📩;📤️;📥️
lettuce,🥬
level,🎚️
liar,🤥
liberty,🗽
library,📖;📗;📘;📙;📚️
license,🪪
lick,👅
lie,🤥
life,🪼;🛟;🧬
lift,🫴;🚠;🛗
light,🩵;🪶;🚈;🚨;🚥;🚦;🧨;🕯️;💡;🔦;🏮;🪔;🔆
lightning,⛈️;🌩️;⚡️
like,🩷;🩵;👍️
lilac,🪻
limb,🦵
line,🫥
link,🖇️;🔗
links,🔗
lion,🦁;🦭;♌️
lip,🫦
liquid,🫠;🫗;🫟
liquor,🥃
list,📋️
listen,🙉;👂️
lit,🔥
litter,🚮;🚯
little,🤏
lives,☯️
lizard,🦎
llama,🦙
loaf,🍞
lob,🤾
lobster,🦞
location,📍
lock,🔒️;🔓️;🔏;🔐;🔑;🗝️
locker,🛅
locomotive,🚂
log,🪵
lollipop,🍭
lonely,💔
long,🪘
look,👀
loop,➰️;➿️
loose,🤙
loot,🪎
lorry,🚛
lost,😔
lotion,🧴
lotus,🧘;🪷
loud,🔊;📢
love,🥰;😍;😘;😗;😙;😻;💌;💘;💓;💕;❤️;🩷;💛;💚;💙;🩵;💜;🩶;🫰;🤟;🫶;💏;💑;🫂;💐;🌹;🏩;🪉
lover,😘
loving,💕
low,🔈️;🪫;🔅
luck,🫡;🤞;🧧
lucky,🍀
luggage,🧳;🛅
lumber,🪵;🪚
lunch,🍴
lung,🫁
lupine,🪻
lure,🪤
luxurious,🧖
luxury,🚤
lying,🤥
machine,🎰;📠
mad,😖;😩;😤;😡;😠;🤬;💢;🗯️;🧂;🍸️
maddening,😡;😠
maggot,🪰
magic,🧙;🧝;✨️;🔮;🪄;🎩
magical,🧝
magician,🪄
magnet,🧲
magnetic,🧭;🧲
mail,💌;✉️;📧;📨;📩;📤️;📥️;📫️;📪️;📬️;📭️;📮
maize,🌽
major,🔑
malaria,🦟
male,🐏;♂️
malt,🥤
mammal,🫎;🫏
mammoth,🦣
man,👨;👴;👷;🫃;🚶;🕺;👫;☃️;⛄️;👞;🚹️;♂️
manage,🤹
mane,🦁
mango,🥭
manicure,💅
mantilla,🧕
manual,🦽
map,🗺️;🗾;📍
maple,🍁
marathon,🏃
marine,🫍;🪼
mark,❣️;💋;📑;🔖;🔛;‼️;⁉️;❓️;❔️;❕️;❗️;✅️;✔️;❌️;❎️;〽️;™️;🆙
marker,📑
market,💹
married,💍
marsupial,🐨;🦘
martial,🥋
martini,🍸️
mask,😷;👹;👺;🤿;🎭️
massage,💆
mate,🧉
math,📏;📐;➖️;➗️;🟰
maybe,🤷
mayo,🪅
maze,🌽
me,🫴;🤙;🙋
mean,👺
meat,🍖;🥩;🥓;🥧
mechanic,🧰
mechanical,🦾;🦿
medal,🎖️;🏅;🥇;🥈;🥉
media,📝
medical,😷;🩻;⚕️
medicine,😷;🏥;💉;🩸;💊;🩺;⚕️
medieval,👑
meditate,🙇
meditation,🙇;🧘
medium,⭐️;🔉;◼️;◻️;◾️;◽️
meeting,🤝
megaphone,📣
melon,🍈
melt,🫠
memo,📝
memorial,🪦
men,👬;🍸️
menorah,🕎
menstruation,🩸
mercy,🥺
merry,🎅;🤶
mess,🫟
message,💬
metal,🪙
metro,🚇️
microbe,🦠
microphone,🎙️;🎤
microscope,🔬
middle,🖕
mild,🤨
military,🎖️;🪖
milk,🐮;🐄;🐐;🍼;🥛;🧋
milky,🌌
million,💰️;💸;💲
millionaire,🚤
mind,🤯
mining,⛏️
minus,➖️
mirror,🪩;🪞
mischievous,👿
miss,😘;😢
mobile,📱;📲;📵;📶;📳;📴
mobility,🩼
mode,📳
mollusk,🦑
mom,🤱
monarch,🫅
money,🤑;🫰;🧧;💎;🪙;💰️;🪎;💴;💵;💶;💷;💸;💳️;💹;🏧;💱;💲
monitor,🖥️
monkey,🙈;🙉;🙊;🐵;🐒;🦧
monocle,🧐
monorail,🚈;🚝
monster,💀;☠️;💩;👹;👺;👻;👽️;👾;🤖;🧌
monthly,🈷️
moo,🐮;🐄
moon,🥮;🌑;🌒;🌓;🌔;🌕️;🌖;🌗;🌘;🌙;🌚;🌛;🌜️;🌝;🎑
moose,🫎
morning,💖;☕️;🌄;🌅
mortar,🧱
mosque,🕌
mosquito,🦟
mother,🤱;🤶
motor,🛵;🛥️
mount,🗻
mountain,🧗;🚵;🏔️;⛰️;🛘;🌋;🗻;🚞;🚠
mouse,🐭;🐁;🖱️;🪤
moustache,🥸
mouth,😃;😄;😆;😅;🤑;🤭;🫢;🤐;😶;🥴;🫤;😮;😦;😰;🤬;😺;👄
move,🏃;🚛
movie,🍿;🎥;🎞️;📽️;🎬️;🎦
mug,🍺
mule,🫏
multiplication,✖️;❌️;❎️
multiply,✖️;❌️;❎️
munch,😱
muscle,💪
museum,🖼️;🎨
music,🔊;🎼;🎵;🎶;🎙️;🎚️;🎛️;🎤;🎷;🎺;🪊;🪗;🎸;🎹;🎻;🪕;🥁;🪇;🪈;🪉
musical,🎼;🎵;🎶;🎹
mustache,🥸
mute,😶;🔇;🔕
mysterious,👤
mystery,🫆
myth,🧚;🧝;🧞
mythology,🪽
nail,💅
name,📛
nap,😴;😫;🥱;🛌
nasty,🤢
national,🏞️
natural,🫚
nature,🐌;🐝;🐞;🌵;🌋;🗻;🌅;🌈;⚡️;💧;🌊
navigation,🧭
neck,🧣
nectarine,🍊
needle,🧵;🪡;💉
negative,📉;🧲
nerd,🤓
nervous,😅;😟;😰;😓;💗;🫦
nest,🪹;🪺
net,⛹️;🥅
network,🛜
neutral,😐️
new,🗽;🌑;🌚;🆕
news,📰;🗞️
next,⏭️
nib,✒️;🔏
nice,😀;😁;😛;👏
night,😙;😪;😴;🥱;💖;💤;🛌;🌃;🌉;🌟;🌠
nine,🕘️;🕤️;9️⃣
no,🤯;😲;🙈;🙉;🙊;👎️;🙅;🤦;🦲;🔕;⛔️;🚫;🚳;🚭️;🚯;🚷;📵;🔞;🈵
noble,🫅
noodle,🍜
nope,👎️
north,⬆️
nose,🥸;😤;👃;🐽;🚅
nosey,👃
not,😑;😕;🥺;😥;🙉;🙊;🙅;🤦;⏳️;🔕;⛔️;🚫;🚳;🚭️;🚯;🚷;📵;🔞;🈶
note,🎼;🎵;🎶;💴;💵;💶;💷;💸;🗒️
notice,🪧
nuptials,💒
nut,🥜;🔩
nutty,😜
oar,🚣
ocean,🧜;🏄️;🐳;🐋;🐬;🫍;🦭;🐙;🪸;🪼;🌊
octagonal,🛑
octopus,🐙
odor,👃
of,😂;💩;😹;🤚;🤘;🌾;🌽;🥩;🥘;🍲;🥛;🗾;🗽;🩸;🧻;🛐;✡️;☸️;🈶;🈚️
off,📆;📴;☑️
offer,🫴
office,🏢;🏣;🏤;💻️;💼
officer,👮
ogre,👹
oh,😐️;😑;🙀;🤦
oil,🛢️;🪔
okay,👌;🆗
old,🧓;👴;👵;🦳;📼;📇;🗝️
olive,🫒
on,🤣;🤬;🤘;🍖;⛱️;🥿
once,🔂
oncoming,👊;🚍️;🚔️;🚖;🚘️
one,👁️;🐪;🕐️;🕜️;🩱;🩲;🔞;1️⃣
onion,🧅
oops,🤭;🙊;🫗
open,😃;😄;😆;😅;🤗;🫢;😮;😦;😰;😺;👐;📖;📬️;📭️;📂;🔓️;🈺
opening,🪟
optical,💽;💿️;📀
or,⏯️
orange,🧡;🍊;📙;🟠;🟧;🔶;🔸
orangutan,🦧
orchestra,🪈;🪉
order,🦁
organ,🫀;🫁
ornithology,🐔;🐓;🐤;🐥;🐦️;🐧;🕊️;🦅;🦆;🦢;🦉;🦤;🦩;🦚;🦜;🪿
orthodox,☦️
ostentatious,🦚
otter,🦦
ouch,🤕;🪼
out,😛;😜;😝;😵
over,🤭;🫢;👮;🍳;🌄
overeat,🫃;🫄
owl,🦉
ox,🐂;♉️
oyster,🦪;🥡
pace,🚶
package,📦️
packing,🧳;🛃;🛄
pad,🗒️;🗓️
paddle,🚣;🏓
page,📃;📄
pager,📟️
paid,🤑;💰️
pail,🥡;🪣
pain,🥲
paint,🫟
painter,🎨
painting,🖼️;🎨;🖌️
pair,👯
palace,💂
palette,🎨
palm,🫳;🫴;🌴;🥥;🪬
pamper,🧖
pan,🍳;🥘
panda,🐼
panic,🫨;🫪
pants,👖;🩳
paper,🏮;📃;📜;📄;📰;🗞️;✂️;🗄️;🧻
parachute,🪂
parasite,🪱
parcel,📦️
park,🏞️;🛝;🎡;🎢
parlor,💇
parrot,🦜
part,〽️
party,😛;😜;🥳;👯;🍹;🎉;🎊;🪅;🪩;👒;🪇
pass,⛔️
passenger,🛳️;⛴️;🚢
passing,🈴
pasta,🍝
pastry,🍥;🎂;🍰;🥧
patience,🤌
patrol,🚓
pause,🫷;🫸;⏯️;⏸️
paw,🐾
pawn,♟️
pay,💸;💳️;💲
pea,🫛
peace,😌;✌️;🧘;🕊️;🪷;☮️
peaceful,😇;☮️
peach,🍑
peacock,🦚
peahen,🦚
peanut,🥜
pear,🍐
pearl,🦪;🧋;🫧
pearly,🦷
pedestrian,🚶;🚸;🚷
peek,🫣
peep,🫣;👀
pen,✒️;🖋️;🖊️;🔏
penalty,🟥;🟨
pencil,✏️;📝
penguin,🐧
pensive,😔
people,👯;🤼;👥;🫂
pepper,🌶️;🫑
pepperoni,🍕
percussion,🪇
perfect,💯
persevere,😣
person,🥸;🧑;👱;🧔;🧓;🙍;🙎;🙅;🙆;💁;🙋;🧏;🙇;🤦;🤷;🥷;👷;🫅;👳;👲;🤵;👰;🫄;🧚;💆;💇;🚶;🧍;🧎;🏃;🕴️;🧖;🧗;🤺;🏌️;🏄️;🚣;🏊️;⛹️;🏋️;🚴;🚵;🤸;🤽;🤾;🤹;🧘;🛀;🛌;💏;💑
personal,💻️
pest,🪳;🦟;🪰
pester,🦡
pet,🐶;🐕️;🐱;🐈️;🐹;🐰;🐇
phone,🤳;📱;📲;☎️;📞;📵;📶;📳;📴
photo,📷️
pi,👲
piano,🎹
piccolo,🪈
pick,🫳;🙋;🛻;🪮;⛏️;⚒️
picket,🪧
pickle,🥒
picnic,🧺
picture,🖼️
pie,🥧
piece,🧩;🩱;🩲
pig,🐷;🐖;🐗;🐽
pile,💩
pill,💊
pin,📌;📍;🧷
pinch,👌
pine,🌲;🎍
ping,🏓
pink,🩷
pint,🍺
pipe,🪈
pirate,🦜
pissed,😒;🤬
pistol,🔫
pita,🫓
pitch,🤾
pity,🙇
pixie,🧚
pizza,🍕
placard,🪧
place,🥇;🥈;🥉;🛐
plane,✈️;🛩️;🛫;🛬;🛄
planet,🪐
plankton,🪼
plant,💐;🌸;🏵️;🌹;🌺;🌻;🌼;🌷;🪻;🌱;🪴;🌴;🌵;🌾;🌿;☘️;🍀;🌰;🎍;🪏
plaque,🪧
plate,🍽️
play,🧙;🛝;▶️;⏯️
player,⛹️
playful,🦦
please,🥺;🥹;🙏
plug,🔌
plumage,🪶
plumber,🪠
plunger,🪠
plus,➕️
plush,🧸
pod,🫛
point,💯;👈️;👉️;👆️;👇️;☝️;🪝
pointed,🔯;✴️;🔺;🔻
poke,🫵
pole,💈;🎣
police,👮;🚓;🚔️;🚨
polish,💅
polo,🤽
ponder,🤔
poodle,🐩
pool,🎱;👙
poop,💩;🪠
pop,🍿;🧨
pork,🐷;🐖
porous,🧽
porridge,🥣
position,🧘
positive,🧲
post,🏣;🏤;📯;🚩
postal,📯
pot,🪴;🍲;🫕;🍯;🫖;💰️
potable,🚰;🚱
potassium,🍌
potato,🥔;🍠
pouch,👝
poultry,🍗
pound,👊;💷
pour,🫗
power,🪫
praise,🙌
prawn,🍤
pray,🤲;🙏;🛐
prayer,🤲;📿
predator,🐯;🐅;🐆
pregnant,👶;🤰;🫃;🫄
present,🎁
press,💪
pretty,🥺;🦚;🦋
pretzel,🥨
previous,⏮️
pride,🌈
prince,🤴
princess,👸
print,👣;🫆;🐾
printer,🖨️
privacy,🔏
private,🔒️
prize,🏆️;🪎
prohibit,🙅
projector,📽️
proof,🧾
prophecy,🥠
prosthetic,🦾;🦿
protect,🪬
protection,🥽;🪬
protest,🪧
proud,🥲;🥹;🦚
public,📢
puck,🏒
pudding,🍮
puke,🤮
pulse,💗;💓;🫀
pump,⛽️
pumpkin,🥧;🎃
punch,✊️;👊
punctuation,❣️;‼️;⁉️;❓️;❔️;❕️;❗️;〰️
punk,🧷
puppy,🥺;🐶
purity,🪷
purple,😈;👿;💟;💜;🪻;🟣;🟪
purse,👛;👜;👝
push,🫷;🫸
putt,🏌️
puzzle,🧩
quarter,🌓;🌗;🌛;🌜️
queen,👸;👑
queer,🌈
quench,🧯
question,🙋;⁉️;❓️;❔️
quick,🏃
quiet,🫢;🤫;🤐;😶;🙊;🔇;🔕
rabbit,🐰;🐇
raccoon,🦝
race,🏃;🏁
racquet,🎾;🏸
radio,📻️;🔘
radish,🫜
raft,🚣
rage,😡;😠
rail,🚈
rain,⛈️;🌦️;🌧️;🌈;🌂;☂️;☔️;⛱️
raise,🙋
ram,🐏;♈️
ranch,🏠️;🏡
range,🏌️
rat,🐀
rattle,🪇
ray,💿️;📀;🩻
razor,🪒
reach,🫱;🫲
reading,📖;📗;📘;📙;📚️
ready,🛄
real,🫀
realization,🤭
realize,💭
rebound,🪃
rebuild,👷
receipt,🧾
receive,📲;📨;📥️
receiver,📞
record,🎥;⏺️
recorder,🪈
recreational,🚙
recycle,♻️
red,🥵;😡;❤️;🫀;🦰;🌹;🍎;🍒;🥩;🧧;🀄️;🏮;🧰;🔼;🔽;❓️;❗️;⭕️;🔴;🟥;🔺;🔻
reef,🪸
reflection,🪞
reflector,🪞
refresh,🔃;🔄
refuse,🫷;🫸
regal,🫅
regret,🙇
relationship,💑
relax,🤌;💆;🧖;🧘
relief,😌
religion,⛪️;🕌;🕍;⛩️;🕋;📿;🛐;🕉️;✡️;☸️;☯️;✝️;☦️;☪️;🕎;🪯
remodel,👷
repair,👷
repeat,🔁;🔂
repercussion,🪃
reptile,🦎
rescue,🛟;⛑️
reserved,🈯️
resist,🥹
resort,⛵️
respect,🫡
respiration,🫁
restaurant,🍞;🍳;🍝;🍢;🍥;🍦;🍧;🍨;🍬;🍭;🍶;🍷;🍴;🏮
restriction,🔞
reverse,◀️;⏪️
revolver,🔫
rewind,⏪️
rhinoceros,🦏
rhythm,🪘
ribbon,💝;🎀;🎗️
rice,🌾;🍘;🍙;🍚;🍛
rich,🧐;🪙;💰️;💶
rickshaw,🛺
ride,🚲️
right,🗯️;🫱;👉️;🤜;🔎;📈;↗️;➡️;↘️;↔️;↩️;↪️;⤴️;⤵️;▶️;⏯️
ring,🤼;🛟;💍
rip,🪦
ripe,🍎
rise,💹
river,🚣
roach,🪳
road,🛣️
roar,🦁
robot,🤖
rock,🤘;👊;🧗;🪨;🥌;🧷
rocket,🚀
roll,🥐;🧻
roller,🎢;🛼;🧳
romance,🥰;😍;💌;💘;💙;💋;💏;💑;💐;💒;💍;💎
romantic,😍;😘;💚
room,🧖;🚹️;🚺️
rooster,🐓
root,🫚;🫜
rope,🪢
rose,🌹
rosette,🏵️
round,📍
row,🚣
royal,🫅;🤴;👸;👑
royalty,🫅;🤴;👸;👑
rub,🧞
rucksack,🎒
ruckus,🫯
rugby,🏉
rule,📐
ruler,📏;📐
run,🏃
rung,🪜
running,💨;🏃;🎽;👟
rush,🏃
sad,😔;😪;😕;😟;🙁;☹️;🥺;🥹;😥;😢;😭;😖;😞;😓;😩;😫;😿;💔;💧;🪊
safari,🦁
safety,🫆;🛟;🦺;🧷
sailing,⛵️
sake,🍶
salad,🥬;🫜;🥗
salon,💆
salsa,💃;🕺
salt,🧂
salty,🧂
salute,🫡;🖖
sand,⌛️;⏳️
sandal,🩴;👡
sapling,🌱
sarcasm,🫠;💁
sarcastic,🫠;🤌;💁
sari,🥻
sash,🎽
sassy,💁
satchel,🎒
satellite,🛰️;📡
satisfied,😊
saturnine,🪐
sauce,🫙
saucer,🛸
sauna,🧖
sausage,🌭
save,🛟
savor,😋
saw,🪚
sax,🎷
saxophone,🎷
scale,🧗;⚖️
scarf,🧣
scary,😦;😧;👹;👻;🧛;🧟
scene,⏭️;⏮️
scholar,🎓️
school,🏫;🚌;🎒;📼;📔;📚️;📇
science,🦠;🔍️;🔎;🧪;🔬;🔭;📡
scientist,🥼
scissors,✂️
scoop,🪏
scooter,🛵;🛴
score,💯;🎼
scorpion,🦂;♏️
scotch,🥃
scowl,🙎
scream,😱
screw,🪛
scroll,📜
scuba,🤿;🥽
sea,🧜;🦭;🐚;🪸;🪼;⛵️
seal,🦭
search,🔍️;🔎
seat,💺;🪑
second,🥈
secret,🤭;🤐;😶;🙈;🙉;🙊;🥷;㊙️
secure,🔐
security,🪪
see,🙈;👀;🧧
seedling,🌱
seeing,👀
semi,🚛
send,📩
sent,📨;📩;📤️
serenity,🧘;🪷
serious,👔
serpent,🐍;⛎️
serve,🍦
service,🈂️
set,📐
settle,🏠️;🏡
seven,🕖️;🕢️;7️⃣
sew,🪡
sewing,🧵;🪡
sexy,😉;💋;🫦
shade,😐️;😏;🙄;😡;😠;😈;👿
shadow,👤
shake,🫱;🫲;🤝;🪇
shaker,🧂;🪇
shallow,🥘
shampoo,🧴
shape,🧲
shark,🦈
sharp,🪒
shave,💈;🪒
shaven,🦲
sheaf,🌾
shears,💇
sheep,🐏;🐑
shell,🐚
shelter,🛖
shield,🛡️
shine,🌞
shiny,💍
ship,⚓️;🛳️;🚢;🔱
shipping,📦️
shirt,🎽;👔;👕;👚
shock,🤭;🫢;🫨;🤦
shoe,🩴;👞;👟;🥾;🥿;👠;👡;👢
shoo,🫳
shorts,🩳
shot,🥃;💉
shovel,🪏
shower,🚿
showing,🌍️;🌎️;🌏️
shrimp,🦐;🍤
shrine,⛩️
shrub,🪻
shrug,🤷
shuffle,🔀
shush,🤫
shut,🤐
shy,🫣;🪭
sick,😷;🤒;🤢;🤮;🤧;😵;💉;💊
side,🍳
sign,🤘;🛑;🪧;🏧;🚮;☢️;☣️;♀️;♂️;✖️;➖️;➗️;🟰;💲
signal,🚥;🚦;📶
silence,😶
silent,😶;🔇;🔕
silhouette,🗣️;👤;👥
silly,👻;🪿
silver,🩶;🥈;🪙;🪎
simple,🏠️;🏡
sing,🎤
single,🔂
sir,🫡
siren,🧜;🚨
sit,🪑
six,🕕️;🕡️;🔯;6️⃣
skate,🛹;🛼;⛸️
skeleton,🦴;🩻
skeptic,🤨
skeptical,🤨;🫤
skepticism,🤨
skewer,🍢;🍡
ski,⛷️;🏂️;🫕;🚠;🎿
skill,🤹
skull,💀;☠️;🩻
skunk,🦨
sky,🩵
slap,🫷;🫸
slash,🔕
slate,🩶
slay,😎;🏆️
sled,🛷
sledge,🛷
sleep,😪;😴;🥱;💤;🛌;🛏️
sleepy,😪;🫩;😩;🥱;💤
sleigh,🛷
sleuth,🕵️
slice,🍕;🍰;🥧
slick,😏
slide,😉;🛝;🪊;📐
slider,🎚️
slip,🥿
slipper,🥿
slot,🎰
sloth,🦥
slow,🦥
slug,🐌
slurp,👅
sly,😏;🥷;🦝
small,🤪;🤏;🦐;🫘;🛩️;🌤️;◾️;◽️;▪️;▫️;🔸;🔹
smart,🤓;🧠
smell,👃;🐽
smelly,💩
smile,😀;😃;😄;😁;😆;😅;🙂;🙃;😊;😇;🥰;😍;🤩;☺️;😙;🥲;😋;😬;😎;😈;😺;😸;😻;😼
smirk,😏
smoke,💨;🚫;🚭️
smooch,😘;😗
smug,😏
snail,🐌
snake,🐍;⛎️
snap,🫰;📷️
snare,🪤
sneaker,👟
sneeze,🤧;😫
snicker,😏
snout,🐽
snow,⛷️;🏂️;🏔️;🌨️;❄️;☃️;⛄️;🎿;🛷;🪏
soak,🧽
soap,🧼;🫧
soar,🪽;🪁
sob,😭
soccer,⚽️
soda,🥤
soft,🍦;🥤;🔈️
soldier,🥷;🪖
solid,🪨
solidarity,✊️
somersault,🤸
son,👦
soon,🔜
soothe,💆
sorcerer,🧙
sorceress,🧙
sorcery,🧙
sorry,😕;🙇
sort,🤏
sound,👂️;🔇;🔈️;🔉;🔊;📢;📣;🔔;🔕;🎵;🎶;🎤;🎧️
soup,🍲;🍜
sour,🍋
south,⬇️
sow,🐖
spa,💆;🧖
space,👽️;👾;🛰️;🚀;🌑;🌒;🌓;🌔;🌕️;🌖;🌗;🌘;🌙;🌚;🌛;☀️;🌠;🌌;☄️
spade,♠️;🪏
spaghetti,🍝
spark,🧨
sparkle,💖;🌟;🎇;✨️;❇️
sparkler,🎇
speak,🙊;🗣️
speaker,🔇;🔈️;🔉;🔊
special,🩷;🩵;🩶
speech,💬;🗨️
speechless,😶
speed,🏃;🚄;🚅
spell,🧙
spew,🤮
spice,🫚
spider,🕷️;🕸️
spill,🫗;🫟
spin,🚲️
spiny,🦔
spiral,🐚;🗒️;🗓️
spirit,😇
splatter,🫟
split,🪓
sponge,🧽
spool,🧵
spoon,🥣;🥄
sport,🏇;🏂️;🏄️;🏊️;🚴;🚵;🤽;🤾;🚙;🛼;🏆️;⚽️;⚾️;🏀;🏈;🏉;🎾;🎳;⛳️;🎣;🎿;🏁
sports,🏅;🥎;🥍
spring,🐝;🌸;🪻
sprout,🌱
spy,🥸;🕵️
square,⏹️;❎️;🟥;🟧;🟨;🟩;🟦;🟪;🟫;⬛️;⬜️;◼️;◻️;◾️;◽️;▪️;▫️;🔳;🔲
squeeze,🪗
squid,🦑
squirrel,🐿️
squirt,💦
stadium,🏟️
staff,⚕️
stain,🫟
stand,🧍
standing,🧍
star,🤩;💫;🌃;⭐️;🌟;🌠;✨️;✡️;☪️;🔯;✴️
stare,🫣
starry,🤩
station,🚉;⛽️
statue,🗽;🗿
steak,🥩
stealth,🙊;🥷
steam,😤;🧖;🚂
steamy,🧖
stein,🍺
step,🪜
stethoscope,🩺
stew,🍲
stick,🍢;🍡;🏑;🏒;🥍;🩼
stiletto,👠
sting,🪼
stink,💩;🦨
stocking,🧦
stomp,🦶
stone,🪨;🥌;💎
stop,🖐️;✋️;🫷;🫸;🚏;🚥;🚦;🛑;⏹️
store,🫙;🏪;🏬
straight,😐️;😑;📏
straw,🥤;🧃
streamer,🎏
stress,😅;😟
stride,🚶
strike,🎳
string,🧵
stripe,🦓
stroke,🥵
stroll,🚶
strong,💪;🦁
struck,🤩
stub,🎫
stubborn,🫏
stuck,😛;😜;😝
studio,🎙️
study,📚️
stuffy,🧐
style,😎;💇
suave,😏
suburban,🏠️;🏡
suburbia,🏠️;🏡
subway,🚇️
suction,🪠
sudden,🤭
sugar,🧁
suit,🕴️;♠️;♥️;♦️;♣️;🩱;🩲;🩳;👙
sulk,🙎
summer,🍺;🚤
summon,🧙
sun,🌻;🌄;🌅;🌆;🌇;☀️;🌞;⛅️;🌤️;🌥️;🌦️;⛱️
sunny,🍳;☀️;🌞
super,🏈
supernatural,🧛
superpower,🦸;🦹
sure,😕;👌
surf,🏄️;🌊
surfing,🏄️;🌊
surprise,🤭;🫢;🤨;🫨;😦;😧;🎁
sushi,🍣
suspension,🚟
suspicious,😏
swag,😏;😎
swan,🦢
sweat,😅;😰;😥;😓;💦;💧
sweeping,🧹
sweet,😛;🩷;👌;🍠;🍡;🍦;🍧;🍨;🍩;🍪;🎂;🍰;🧁;🍫;🍬;🍭;🍮;🍯;🧃
swell,🏄️
swerve,👐
swim,🏊️;🛟;👙
swimming,🏊️;🤽;🥽
swirl,🍥
sword,🤺
symbol,💢;♿️;🚼️;⚛️;☮️;⚧️;⚕️;♻️;🔰
sympathy,😮
synagogue,🕍
syringe,💉
table,🏓
taco,🌮
tag,🏷️
taking,🛀
tale,😇;😈;👿;💀;👹;👺;👻;👽️;👾;🤴;👸;👼;🎅;🤶;🧚;🧌;🐲;🐉;🔮
talisman,🧿
talk,💬;🦜
tamale,🫔
tangerine,🍊
tango,💃;🕺
tape,📼
target,🎯
taste,😝;🧂
tasty,😋
taxi,🚕;🚖
tea,☕️;🫖;🍵;🧋
teal,🩵
tear,🤣;😂;🥲;😢;😭;😹;😿;💧;📆
tease,😉
tee,🏌️
teeth,😀;😃;😁;🥶;🦷;🧛;🦫;🪥
telephone,📱;📲;☎️;📞;📵;📶;📳;📴
telescope,🔭
television,📺️
tell,🫴
teller,🏧
temple,🛕;🕍
tempura,🍤
ten,🕙️;🕥️
tennis,🎾;🏓;👟
tension,💆
tent,⛺️;🎪
terrapin,🐢
terrestrial,🛸
test,🧪
text,💬
thanks,🙏;🫂
the,🤣;🤘;🫵
theater,🎭️
theatre,🎭️
theme,🛝;🎡;🎢
therapy,💆
thermometer,🤒;🌡️
thespian,🎭️
think,💭
third,🥉
thirty,🕧️;🕜️;🕝️;🕞️;🕟️;🕠️;🕡️;🕢️;🕣️;🕤️;🕥️;🕦️
this,☝️
thong,🩴
thought,💭
thread,🧵;🪡
three,👌;🤟;🕒️;🕞️;3️⃣
throw,🤮;⛹️;🤾
thumb,🫰;👍️;👎️
thunder,⛈️;⚡️
tick,✅️;☑️;✔️
ticket,🎟️;🎫
tie,🪢;👔
tiger,🐯;🐅
timber,🪵
time,😥;⌛️;⌚️;⏰️;⏱️;🕰️;🕛️;🕧️;🕐️;🕜️;🕑️;🕝️;🕒️;🕞️;🕓️;🕟️;🕔️;🕠️;🕕️;🕗️;🕣️;🕘️;🕤️;🕥️;🕚️;🕦️
timer,⌛️;⏳️;⏲️
tipsy,🥴
tire,🛞
tired,😪;😴;🫩;😵;😩;😫;🥱;💤;🛌
toast,🍞
toboggan,🛷
together,🤲;💏;💑
toilet,🚽;🪠;🧻;🚹️;🚺️;🚻;🚾
toiletry,🪥
tomato,🍅
tomb,🪦
tongue,😛;😜;😝;🥵;👅
tool,🔪;🏺;⚓️;🔥;🔫;🔮;🔍️;🔎;🔦;✂️;🔨;⛏️;⚒️;🛠️;🏹;🪚;🔧;🪛;🔩;⚙️;🗜️;⚖️;🧰;⚗️;🔬;🔭;💉;🔱;🔰
tooth,🦷;🍫;🍬
top,🎩;🔝
torch,🔦
tornado,🌪️
tortoise,🐢
toss,🤾
total,☯️
touched,🥲
tough,🪨
tournament,🤼
tower,🗼
toy,🪀;🧸
trace,🫆
track,🛤️;⏭️;⏮️
tractor,🚜
trade,™️
traffic,🚥;🚦;🚸;⛔️
train,🚂;🚃;🚄;🚅;🚆;🚉;🛤️
tram,🚃;🚊;🚋;🚎
transparent,🪟
transportation,🛻
trap,🪤
trash,🗑️
travel,🚂;🚃;🚅;🚇️;🚤;🚢;✈️;🚁;🚀;🧳;🗿;🛄
tray,📤️;📥️
treasure,🪙;🪎
treat,🧁
treatment,💆
tree,🌲;🌳;🌴;🪾;🎄;🎋
trend,💹;📈;📉
triangle,📐;▶️;⏭️;⏯️;◀️;⏮️;🔺;🔻
triangular,📐;🚩
triathlon,🏊️
trident,🧜;🔱
trim,🪚
trip,🚞;📷️;🛄
triumph,😤
troll,🧌
trolley,🚋;🚎;🛒
trombone,🪊
trophy,🏆️
tropical,🦩;🐠;🌴;🍍;🥭;🍹
trousers,👖
truck,🚒;🛻;🚚;🚛
true,💯
trumpet,🎺
trunk,🪾
truth,💯
tub,🛀
tube,🧪
tulip,🌷
tumbler,🥃
turban,👳
turd,💩
turkey,🦃;🍗
turn,🛞
turnip,🫜
turtle,🐢
tusk,🦣
tuxedo,🤵
twelve,🕛️;🕧️
twin,👯
twine,🪢
twist,🪢
twisted,🥨
twister,🌀
two,💕;🐫;🕑️;🕝️;2️⃣
type,🅰️;🆎;🅱️;🅾️
typhoon,🌀
ugh,😒;🙄;🤌
ugly,🦢
uh,😑
ultimate,🥏
umbrella,🏖️;🌂;☂️;☔️;⛱️
unbelievable,😮
unbounded,♾️
uncomfortable,🫦
under,🫩;🐨;🔞
underage,🔞
underarm,🥎
undercover,👮
underwater,🫧
underwear,🩲;🩳
uneven,🥴
unhappy,😐️;😑;😒;😧;😢;😭;😞;😩;😤;😡;😠
unicorn,🦄
uniform,🥋
unimpressed,😐️;😑
universal,♾️
unlock,🔓️;🔑
unreal,😮
unwind,🧖
up,🤮;🫳;🫴;👆️;☝️;👍️;🤲;🧗;🍳;🛻;🧣;🧥;📄;🗞️;📈;⬆️;↗️;↖️;↕️;⤴️;🔝;🔼;⏫️;🆙;🔺
upset,😡;😠;💢;🙍;🙎;🧂
upwards,🔼
urn,⚱️
utility,🚙
vacancy,🈳;🈵
vaccination,💉
valentine,💌;💘;💝;🌹
vampire,🧛;🦇;⚰️
van,🚐
vat,🪣
vegetable,🍅;🍆;🥔;🥕;🫑;🥒;🥜;🫛;🫜
vegetarian,🫜
veggie,🫛
vehicle,🚝;🚌;🚐;🚑️;🚕;🚗;🚘️;🚙;🚚;🚛;🚜;🛞;🚁
veil,👰
versus,🆚
vertical,🚦;🔃;⏸️
vest,🦺
vibrate,🫨
vibration,📳
vice,🗜️
victory,✌️;🏆️
video,🎮️;🕹️;📻️;📽️;📺️;📷️;📸;📹️;📼
view,🪟
viewer,🫵
viewing,🎑
villain,🦹
violet,🪻
violin,🎻
virus,🦟;🦠
vitamin,🍊;💊
volcano,🌋
voltage,⚡️
volume,🔈️;🔉;🔊
vomit,🤢;🤮
vulnerable,🫪
wacky,😜
waffle,🧇
wait,🫷;🫸
walk,🚶;👣
wall,🧱
wand,🪄
war,🥷;🪖
warning,⚠️
warrior,🪖
waste,🗑️
watch,🙈;⌚️
water,💦;🤽;🐃;🫗;🥤;💧;🌊;🔫;🚿;🚰;🚾;🚱;♒️
wave,👋;🌊
wavy,🥴;〰️
way,🤯;😲;🌌
wealth,🪎
wealthy,🧐
weapon,🔪;🏺;🔫;🗡️;⚔️;🪃;🏹;🛡️
weary,🫩;😩;🙀
weather,🌡️;☀️;🌞;☁️;⛅️;🌤️;🌥️;🌦️;🌧️;🌨️;🌩️;🌪️;🌫️;🌀;🌈;☔️;❄️;💧
web,🕸️;🌐
wedding,🤵;👰;💒;💍;💎
wedge,🧀
weight,🏋️;⚖️
weird,😒
weirdo,😜
well,👏
west,⬅️
wet,💦
whale,🐳;🐋;🫍
what,🤨;😳;😦;😧;🤌
wheat,🍞
wheel,🎡;🛞;☸️
where,🏠️;🏡
whew,😥
whine,🙎
whiskey,🥃
whisky,🥃
white,💟;🤍;🦷;🦳;💮;⭐️;🥼;🦯;❔️;❕️;⚪️;⬜️;◻️;◽️;▫️;🔳;🏳️
who,🤷
whoa,🫨;😮;😯
whoops,🤭
why,🥺
wicked,🖤
wild,🥦
win,😎;🌟;🏆️;👑;💰️;🏁
wind,🍃;🌬️;🎐
window,🪟
wine,🍷
wing,🪽
wink,😉;😜
winner,🏅
winning,🏆️
winter,🪾
wireless,🛜
wise,🧓;👴;👵;🦉
wish,🤲
witch,🧙;🪄;🧹
with,😃;😄;😁;😅;😂;😊;😇;🥰;😍;😚;😙;🥲;😛;😜;😝;🤗;🤭;🫢;🫣;🤨;🙄;🫩;😷;🤒;🤕;😵;😎;🧐;🫤;😮;😦;😰;😓;😤;🤬;😈;👿;😸;😹;😻;😼;💘;💝;🖐️;🫰;🦻;🫅;👲;🧕;👰;👯;💑;🪺;🥣;🍥;🍾;🥤;🍽️;🌐;🏖️;🏡;🌃;🌞;⛈️;🌧️;🌨️;🌩️;☔️;🔕;📲;📸;📔;📃;💸;💹;📩;📫️;📪️;📬️;📭️;🗳️;🔏;🔐;☑️;💠
wizard,🧙;🪄
wolf,🐺
woman,👩;👵;🧕;🤰;🤱;💃;👫;👚;👠;👡;👢;👒;🚺️;♀️
women,👭
won,😤
wonder,💭
wood,🪾;🪵;🪓
wool,🐑;🦙
wooly,🦣
woozy,🥴
work,💦;👷
worker,👷
world,🌍️;🌎️;🌏️;🌐;🗺️
worm,🪱
worry,😟;🫦
worship,🛐
wow,🤩;🫨;😮;😳;😦;😧
wrap,🌯
wrapper,🍬
wrench,🛠️;🔧
wrestle,🫯;🤼
wrestling,🤼
write,✍️
writing,✍️;📔
wry,😼
yacht,⛵️
yarn,🧶
yawn,😴;🥱
yellow,💛;🚕;🚖;🔰;🟡;🟨
yen,💴;💹
yes,🫡;👍️
yoga,🧘
yogi,🧘
you,🥰;😘;😗;😮;👋;🤟;🫵;🫶;💑
young,👶;🧒;👦;👧;🌱
yummy,😋;🍴
zany,🤪
zap,⚡️
zebra,🦓
zero,📥️;0️⃣
zip,🤐;🤌
zipper,🤐
zodiac,👧;🦁;🐂;🐏;🐐;🐍;🐟️;🦀;🦂;🏺;🏹;⚖️;♈️;♉️;♊️;♋️;♌️;♍️;♎️;♏️;♐️;♑️;♒️;♓️;⛎️
zombie,🧟
zoo,🐅;🐆;🐃;🐏;🐊
zoom,🏎️
