word,llm_emoji,fit,cldr_emojis,agree
a,🔤,1,😘;🅰️;💠,false
abacus,🧮,3,🧮,true
absorbing,🧽,2,🧽,true
acceptable,✅️,2,🉑,false
access,🔓️,2,♿️,false
accessibility,♿️,2,🦾;🦿;🦻;🧏;🦮;🦽;🦼;🦯;🛗,false
accident,💥,3,🫗,false
accordion,🪗,3,🪗,true
accounting,🧾,2,🧾,true
act,🎭️,2,🤹,false
action,🎬️,2,🎬️,true
active,🏃,2,🤸,false
actor,🎭️,3,🎭️,true
actress,🎭️,3,🎭️,true
address,🏠️,2,📢,false
adhesive,🩹,3,🩹,true
admiration,😍,2,🥹,false
admission,🎫,2,🎟️;🎫,true
adorable,🥰,2,🩷,false
adore,😍,3,🥰,false
adult,🧑,3,🧑;👨;👩;🧓;👴;👵,true
aerial,📡,2,🚡,false
aeroplane,✈️,3,✈️;🛩️;🛫;🛬,true
afraid,😨,3,😨,true
again,🔁,2,🤦;🔄,false
age,🎂,2,🔞,false
agree,🤝,3,💯;👊,false
agreement,🤝,3,🤝,true
aid,🆘,2,🦻;⛑️;🩼,false
air,💨,3,🪟,false
alarm,🚨,3,🚨;⏰️,true
alcohol,🍺,3,🍷;🍸️;🍹;🍺;🍻,true
ale,🍺,3,🍺,true
alert,🚨,2,🚨,true
alien,👽️,3,👽️;👾,true
almond,🌰,3,🌰,true
alpaca,🦙,3,🦙,true
alpha,🅰️,2,🦁,false
alphabet,🔤,3,🔤,true
alternation,🔀,1,〽️,false
amazement,😲,2,🫢,false
amble,🚶,2,🚶,true
ambulance,🚑️,3,🚑️,true
amoeba,🦠,3,🦠,true
amount,🔢,2,🤏;🈷️,false
amulet,🧿,3,🧿;🪬,true
amusement,🎡,2,🛝;🎡;🎢,true
anatomical,🦴,2,🫀,false
anchor,⚓️,3,⚓️;🔱,true
and,➕️,1,🫢;☠️;🫰;👫;🍽️;🍴;⛈️;⚒️;🛠️;🏹;🔩;🛋️;☪️,false
angel,👼,3,😇;👼,true
angelic,👼,2,😇;🪽,false
anger,😠,3,😤;😡;😠;💢;🗯️,true
angle,📐,2,📏;📐,true
angry,😠,3,😤;😡;😠;👿;👺;💢;🗯️,true
animal,🐾,3,😺;😸;😹;😻;😼;😽;🙀;😿;😾;🙉;🙊;🐵;🐒;🦍;🦧;🐶;🐕️;🦮;🐩;🐺;🦊;🦝;🐱;🐈️;🦁;🐯;🐅;🐆;🐴;🫎;🫏;🐎;🦓;🦌;🦬;🐮;🐂;🐃;🐄;🐷;🐖;🐗;🐽;🐏;🐑;🐐;🐪;🐫;🦙;🦒;🐘;🦣;🦏;🦛;🐭;🐁;🐀;🐹;🐰;🐇;🐿️;🦫;🦔;🦇;🐻;🐨;🐼;🦦;🦨;🦘;🦡;🐔;🐓;🐣;🐤;🐥;🐦️;🐧;🦅;🦆;🦢;🦉;🦤;🦩;🦚;🦜;🪿;🐸;🐊;🐢;🦎;🐍;🐲;🐉;🐳;🐋;🐬;🦭;🐟️;🐠;🐡;🦈;🐙;🐚;🪼;🦞;🦑;🐌;🐛;🐜;🐝;🪲;🐞;🦗;🪳;🕷️;🪰;🪱,false
ankle,🦶,2,🦶,true
anniversary,🎉,2,💝;💞;💕;💏;💑;💐,false
answer,💬,2,🟰,false
ant,🐜,3,🐜,true
antenna,📡,3,📡;📶,true
anxiety,😰,3,🫪,false
anxious,😰,3,😟;😨;😰;😥;🫦,true
ape,🦍,3,🦧,false
apocalypse,☄️,2,🧟,false
apology,🙏,2,🙇,false
applause,👏,3,👏,true
apple,🍎,3,🍎;🍏;🥧,true
application,📝,2,🈸,false
appreciate,🙏,2,🙏,true
apprehend,🚔️,2,👮,false
approval,👍️,3,👏,false
aquarium,🐠,3,🪼,false
archer,🏹,3,🏹;♐️,true
archery,🏹,3,🏹,true
argument,🗣️,2,🫯,false
arm,💪,3,💪;🦾,true
army,🪖,3,🪖,true
arrest,🚔️,3,👮,false
arrival,🛬,2,🛬,true
arrow,🏹,3,💘;📲;📩;🏹;⬆️;↗️;➡️;↘️;⬇️;↙️;⬅️;↖️;↕️;↔️;↩️;↪️;⤴️;⤵️;🔃;🔄;🔙;🔚;🔛;🔜;🔝;🔀;🔁;🔂;▶️;⏩️;⏭️;⏯️;◀️;⏪️;⏮️;🔼;⏫️;🔽;⏬️,true
art,🎨,3,🎭️;🖼️;🎨,true
artist,🎨,3,🎨,true
arty,🎨,1,🎨,true
ascend,⬆️,2,🪽,false
ask,❓️,3,🙏;🙇,false
ass,🫏,2,🫏,true
assassin,🗡️,3,🥷,false
asterisk,✳️,3,✳️,true
astronomy,🔭,3,⭐️,false
at,📍,1,🫵;🌆;🌉,false
atheist,🚫,1,⚛️,false
athletic,🏃,2,⛹️;👟,false
athletics,🏅,2,🤾;🎽,false
atom,⚛️,3,⚛️,true
attraction,🎡,2,🧲,false
auto,🚗,3,🛺,false
automobile,🚗,3,🚗;🚘️;🛻,true
autumn,🍂,3,🍂;🥮,true
avalanche,🏔️,3,🛘,false
aviation,✈️,3,🪽,false
avocado,🥑,3,🥑,true
award,🏆️,3,🎖️;🏅,false
away,🚶,1,💨,false
awe,😮,2,🫢,false
awesome,😎,2,😃;😛;😎;👌;👏;🎉,true
awful,😖,2,😔;😢;😞,false
awkward,😬,3,😐️;😑;😶;😬;😳,true
ax,🪓,3,🪓,true
axe,🪓,3,🪓,true
baa,🐑,2,🐑,true
babe,👶,2,💏;💑,false
babushka,🧣,2,🪆,false
baby,👶,3,👶;🤱;👼;🐣;🐤;🐥;🍼;🚼️,true
back,⬅️,2,🥹;🤚;🚪;🔙,false
bacon,🥓,3,🐷;🐖;🥓,true
bacteria,🦠,3,🦠;🧫,true
bad,👎️,2,👎️;🦹,true
badge,🎖️,3,📛,false
badger,🦡,3,🦡,true
badminton,🏸,3,🏸,true
bag,👜,3,🧳;👜;👝;🛍️;🎒;💰️,true
bagel,🥯,3,🥯,true
baggage,🧳,3,🛄;🛅,false
bait,🪱,2,🪤,false
bakery,🥐,3,🥯;🧁,false
balance,⚖️,3,🤹;⚖️;♎️,true
bald,🦲,2,👴;🦲,true
ball,⚽️,3,🏌️;⛹️;🤾;🍙;🎊;⚽️;⚾️;🥎;🏀;🏐;🏈;🏉;🎾;🎳;🏏;🏑;🥍;🏓;🎱;🔮;🪩;🧶,true
ballet,🩰,3,🥿;🩰,true
balloon,🎈,3,💬;🗨️;🗯️;💭;🎈,true
ballot,🗳️,3,🗳️;☑️,true
bamboo,🎍,3,🐼;🎍,true
banana,🍌,3,🐵;🐒;🍌,true
band,🎸,2,🪈,false
bandage,🩹,3,🤕;🩹,true
bandana,🧕,2,🧕,true
banjo,🪕,3,🪕,true
bank,🏦,3,🏦;💰️;💴;💵;💶;💷;💸;💳️;💹;🏧;💱,true
banner,🚩,2,🎋,false
bar,🍺,2,🍫;🍶;🍾;🍷;🍸️;🍹;🍺;🍻;🏮;📊;🧼;⏸️;📶,true
barber,💈,3,💇;💈,true
bare,🚫,1,🪾,false
barf,🤮,3,🤮,true
bargain,🏷️,2,🉐,false
barrel,🛢️,3,🍯,false
barren,🏜️,2,🪾,false
barrier,🚧,3,🚧,true
basket,🧺,3,🧺,true
bat,🦇,3,🦇;🏏;🏓,true
bath,🛁,3,🛀;🛁,true
battery,🔋,3,🔋;🪫,true
beach,🏖️,3,😎;🏄️;🐳;🐋;🐬;🐚;🌴;🏖️;🌞;👙;🩴,true
beacon,🚨,2,🚨,true
bead,📿,2,🧿,false
bear,🐻,3,🐻;🐨;🍯;🧸,true
beard,🧔,3,🧔,true
bearer,🤲,1,🐍;♒️;⛎️,false
beast,🐾,2,💪,false
beat,🥁,2,🫀;🪘,false
beating,🥊,2,💓,false
beauty,💄,2,👄;💇;🪷;🌹,false
beaver,🦫,3,🦫,true
beckon,👋,2,🫴,false
bed,🛏️,3,😴;🛌;🛏️,true
bee,🐝,3,🐝,true
beer,🍺,3,🫚;🍺;🍻,true
beet,🥕,2,🫜,false
beetle,🪲,3,🪲;🐞,true
befuddled,😵,2,😕,false
beg,🙏,3,🙏;🙇,true
beginner,🔰,3,🔰,true
behind,🍑,2,⛅️;🌤️;🌥️;🌦️,false
believe,🙏,2,😮,false
bell,🔔,3,🫑;🛎️;🎐;🔔;🔕,true
belly,🤰,2,🫃;🫄,false
bench,🪑,3,💪,false
bent,➰️,2,🦵;🧢,false
berry,🫐,3,🍓;🫐,true
bet,🎰,2,👌;💰️,false
beverage,🥤,3,☕️;🍵;🍶;🍷;🧃,false
bewilder,😵,2,🤦,false
biceps,💪,3,💪,true
bicycle,🚲️,3,🚴;🚵;🚲️;🚳,true
bicyclist,🚴,3,🚴;🚵,true
big,🐘,2,😃;🥺;🐯;🐅;🐆,false
bike,🚲️,3,🚴;🚵;🚲️;🔐;🚳,true
bikini,👙,3,👙,true
bill,🧾,3,💴;💵;💶;💷;💸,false
billion,💰️,2,💰️;💷;💸;💲,true
billionaire,💰️,3,🚤,false
bin,🗑️,3,🚮,false
biologist,🔬,2,🧫;🧬,false
biology,🧬,3,🧫,false
bird,🐦️,3,🦃;🐔;🐓;🐣;🐤;🐥;🐦️;🐧;🕊️;🦅;🦆;🦢;🦉;🦤;🪶;🦩;🦚;🦜;🪽;🪿;🪺,true
birdie,🐦️,2,🏌️;🏸,false
birth,👶,3,🍼,false
bison,🦬,3,🦬,true
bisque,🍲,2,🦞,false
bit,🔢,1,🤏,false
bite,🍴,2,🫦;🦟,false
biting,🦷,2,🫦,false
black,⬛️,3,🖤;✒️;⚫️;⬛️;◼️;◾️;▪️;🔲;🏴,true
blame,👉️,2,😨;😞;😠,false
blank,⬜️,2,😐️;😶,false
bleed,🩸,3,🩸,true
bless,🙏,2,⛪️,false
blessed,🙏,2,😇;🙏,true
blind,🦯,2,🦮;🦯,true
bloated,🎈,2,🫪;🫃;🫄,false
block,🧱,3,🫷;🫸,false
blond,👱,2,👱,true
blood,🩸,3,🧛;🩸;🅰️;🆎;🅱️;🅾️,true
bloom,🌸,3,🪻,false
blossom,🌸,3,🌸;🌼;🌷,true
blouse,👚,3,👚,true
blow,💨,2,🍃;🌬️,false
blown,💨,1,🤯,false
blue,🔵,3,🥶;😰;💙;🩵;🫐;👕;👖;📘;🧿;🔵;🟦;🔷;🔹,true
blush,😊,3,😊;😚,true
boar,🐗,3,🐗,true
board,🛹,2,🛹;🎬️,true
boat,🛥️,3,🚣;⛵️;🛶;🚤;⛴️;🛥️;🚢,true
body,🧍,3,💀;👂️;👃;👀;👁️;👅;👄,false
bolt,⚡️,3,🔩,false
bomb,💣️,3,💥;💣️,true
bone,🦴,3,☠️;🦴;🍖;🍗,true
boo,👻,2,👻,true
book,📖,3,📔;📕;📖;📗;📘;📙;📚️,true
boom,💥,3,💥;👊;🎆;🎇;💣️,true
boomerang,🪃,3,🪃,true
boot,👢,3,🥾;👢,true
booze,🍾,2,🍷;🍸️;🍹;🍺;🍻,false
born,👶,2,🍼,false
boss,👔,2,😏,false
bottle,🍾,3,🍼;🍶;🍾;🧴,true
boulder,🪨,3,🪨,true
bouncing,🏀,2,⛹️,false
bouquet,💐,3,💐,true
bow,🎀,2,🙏;🙇;🎁;🏹,false
bowl,🥣,3,🥣;🍜;🏈,true
bowling,🎳,3,🎳,true
box,📦️,3,🍱;🥡;🧃;🎁;🪗;📤️;📥️;📦️;🗳️;🗃️;🧰;☑️,true
boxing,🥊,3,🥊,true
boy,👦,3,👦,true
brain,🧠,3,🧠,true
brainy,🧠,2,🤓,false
branch,🌿,3,🪹;🪺,false
brass,🎺,2,🪊,false
brawl,🥊,2,🫯,false
bread,🍞,3,🍞;🥐;🥖;🫓;🥯;🥪,true
break,💔,2,💔;🔔,true
breast,🍗,1,🤱,false
breath,💨,2,🫁,false
breathe,💨,2,🫁,false
brew,☕️,2,🫖,false
brick,🧱,3,🧱,true
bridge,🌉,3,🌉,true
briefs,🩲,2,🩲,true
bright,✨️,2,😎;🧒;👦;👧;☀️;🌝;🌞;🔆,false
broccoli,🥦,3,🥦,true
broken,💔,3,💔,true
brontosaurus,🦕,3,🦕,true
bronze,🥉,3,🥉,true
broom,🧹,3,🧹,true
brown,🟤,3,🤎;👞;🥾;🟤;🟫,true
brr,🥶,2,🧥,false
brush,🖌️,3,🪥,false
bubble,🫧,3,💬;🗨️;🗯️;💭;🧋;🫧,true
bucket,🪣,3,🪣,true
buffalo,🐃,3,🦬;🐃,true
bug,🐛,3,🐛;🪲;🦗,true
build,🏗️,2,👷;📲,false
building,🏢,3,🏛️;🏗️;🏠️;🏡;🏢;🏣;🏤;🏥;🏦;🏨;🏩;🏪;🏫;🏬;🏭️;🏯;🏰;🌆;🌇,true
bulb,💡,3,💡,true
bull,🐂,3,🐂;🎯;♉️,true
bullet,🔫,2,🚅,false
bump,💥,2,👊,false
bundle,📦️,2,🧣;🧥,false
bunny,🐰,3,👯;🐰;🐇,true
buoy,🛟,3,🛟,true
burger,🍔,3,🍔,true
burn,🔥,3,🪼;🔥,true
burp,😮,2,🫧,false
burrito,🌯,3,🌯,true
burro,🫏,2,🫏,true
bury,⚰️,2,🪏,false
bus,🚌,3,🚋;🚌;🚍️;🚎;🚐;🚏,true
business,💼,3,🕴️;🈺,false
bust,👤,1,👤;👥,true
but,🔗,1,😥,false
butter,🧈,3,🧈,true
button,🔘,3,🔄;🔀;🔁;🔂;▶️;⏩️;⏭️;⏯️;◀️;⏪️;⏮️;🔼;⏫️;🔽;⏬️;⏸️;⏹️;⏺️;⏏️;🔅;🔆;✅️;❎️;🅰️;🆎;🅱️;🆑;🆒;🆓;🆔;🆕;🆖;🅾️;🆗;🅿️;🆘;🆙;🆚;🈁;🈂️;🈷️;🈶;🈯️;🉐;🈹;🈚️;🈲;🉑;🈸;🈴;🈳;㊗️;㊙️;🈺;🈵;🔘;🔳;🔲,true
bye,👋,2,👋,true
cab,🚕,3,🚕;🚖,true
cabbage,🥬,3,🥬;🥦,true
cabbie,🚕,2,🚕;🚖,true
cabinet,🗄️,3,🗄️,true
cable,🔌,2,🚠;🚡,false
caboose,🚃,2,🚂,false
cactus,🌵,3,🌵,true
caddy,⛳️,1,🏌️,false
cafe,☕️,3,☕️,true
caffeine,☕️,2,☕️,true
cake,🎂,3,🍥;🥮;🎂;🍰,true
calculation,🧮,2,🧮,true
calculator,🧮,3,🧮,true
calendar,📅,3,📅;📆;🗓️,true
call,📞,3,😥;🤙;📲,false
calm,😌,3,😌;🪷,true
camcorder,📹️,3,📹️,true
camel,🐫,3,🐪;🐫,true
camera,📷️,3,🤳;🎥;📷️;📸;📹️;🎦,true
can,🥫,3,🥫;🗑️,true
cancel,❌️,2,✖️;❌️,true
cancer,🦀,2,🦀;♋️,true
candelabrum,🕯️,2,🕎,false
candle,🕯️,3,🕯️,true
candy,🍬,3,🍫;🍬;🍭;🪅,true
cane,🦯,2,🦯;🩼,true
canned,🥫,1,🥫,true
canoe,🛶,3,🚣;🛶,true
cantaloupe,🍈,3,🍈,true
cap,🧢,3,👲;🎓️;🧢,true
car,🚗,3,🚃;🚞;🚋;🚓;🚔️;🚕;🚗;🚘️;🚙;🛻;🚚;🚛;🏎️;🛞;🚨;🚡,true
card,🃏,3,♠️;♥️;♦️;♣️;🃏;🎴;💳️;🗂️;📇;🗃️;🪧;🪪;🟥;🟨,true
cardiac,❤️,2,💛,false
cardinal,🐦️,2,⬆️;➡️;⬇️;⬅️,false
cardiology,❤️,1,🫀,false
care,❤️,2,💅,false
carousel,🎠,3,🎠,true
carp,🐟️,2,🎏,false
carpenter,🔨,3,🪚,false
carpentry,🔨,2,🪚,false
carrot,🥕,3,🥕,true
cart,🛒,3,🛒,true
cartoon,📺️,2,💭,false
case,💼,1,🛄;🛅,false
cash,💵,3,💰️;💷;💸;💳️;🏧;💲,false
casino,🎰,3,🎰,true
cask,🛢️,2,🪣,false
casserole,🍲,2,🥘,false
castle,🏰,3,🏯;🏰,true
casual,👕,1,👕;👖,true
cat,🐱,3,😺;😸;😹;😻;😼;😽;🙀;😿;😾;🐱;🐈️;🐯;🐅;🐆,true
catch,🧤,2,🫴;🤾;🪝,false
caught,🎣,1,😦,false
caution,⚠️,3,⚠️,true
celebrate,🎉,3,🥳;🥂;🎈;🎉;🎊;🪅,true
celebration,🎉,3,🥳;🙌;🎅;🤶;🎂;🎃;🎄;🎆;🎇;🎈;🎉;🎊;🎋;🎍;🎎;🎏;🎐;🎑;🎀;🎁;🎗️;🎖️;🪅;🎓️;🎌,true
cell,🦠,2,📱;📲;📵;📶;📳;📴,false
cemetery,⚰️,3,🪦,false
censor,🚫,2,🤬,false
cereal,🥣,3,🥣,true
ceremony,💍,2,🎑,false
chain,⛓️,3,⛓️,true
chair,🪑,3,💺;🪑,true
champion,🏆️,3,🏆️,true
championship,🏆️,3,⛹️,false
change,🔄,2,🪸,false
chapel,⛪️,3,💒;⛪️,true
charge,⚡️,2,💳️;💲;🈂️;🈶;🈚️,false
charm,🍀,2,🧿,false
chart,📊,3,💹;📈;📉;📊,true
check,✅️,2,🛫;✅️;☑️;✔️,true
checked,✅️,1,🛄;✅️;☑️;✔️,true
checkered,🏁,2,🏁,true
cheerful,😄,3,😀,false
cheery,😄,2,😀,false
cheese,🧀,3,🧀;🍕;🫕;🪤,true
chef,🍳,3,🔪,false
chemist,🧪,2,🧪,true
chemistry,🧪,3,⚗️;🧪,true
chemotherapy,💉,2,🦲,false
cherry,🍒,3,🌸;🍒,true
chess,♟️,3,♟️,true
chest,📦️,2,🪎;🧰,false
chevron,➡️,1,🔰,false
chick,🐤,3,🐣;🐤;🐥,true
chicken,🐔,3,🐔;🍗,true
child,🧒,3,🧒;👦;👧;👪️;🚸,true
children,🧒,3,👶;🚸,false
chime,🔔,2,🎐,false
chin,🧑,2,🤔,false
chip,🍟,2,🍪,false
chipmunk,🐿️,3,🐿️,true
chocolate,🍫,3,🫕;🍪;🍫,true
chop,🔪,2,💇;🥩;🪓,false
chuck,🎳,1,🤾,false
church,⛪️,3,👼;⛪️;🔔,true
cigarette,🚬,3,🚬,true
cinema,🎬️,3,🎥;🎞️;📽️;🎦,false
circle,⭕️,3,🛞;⏺️;⭕️;Ⓜ️;🔴;🟠;🟡;🟢;🔵;🟣;🟤;⚫️;⚪️,true
circus,🎪,3,🎪,true
citation,📜,2,👮,false
citrus,🍊,3,🍊;🍋,true
city,🏙️,3,🏢;🏙️;🌆,true
clack,🔊,1,🪭,false
claim,📢,2,🛄,false
clamp,🔧,3,🗜️,false
clap,👏,3,👏;🪭,true
clapper,🔔,1,🎬️,false
class,🏫,2,🚲️,false
classical,🎻,2,🏛️,false
classy,💅,2,🧐,false
clay,🏺,2,🧱,false
clean,🧼,3,🧼;🫧;🪥,true
clever,🧠,2,🤓,false
climate,🌍️,2,🪸,false
climb,🧗,3,🧗;🪜,true
clink,🥂,2,🍻;🥂,true
clock,🕐️,3,⌚️;⏰️;⏱️;⏲️;🕰️;🕛️;🕧️;🕐️;🕜️;🕑️;🕝️;🕒️;🕞️;🕓️;🕟️;🕔️;🕠️;🕕️;🕡️;🕖️;🕢️;🕗️;🕣️;🕘️;🕤️;🕙️;🕥️;🕚️;🕦️,true
clockwise,🔄,2,🔃;🔁;🔂,false
close,🚪,2,😥;😓,false
closed,🚫,2,😆;😚;😙;😝;😽;🌂;📕;📫️;📪️;🔒️;🔐,false
closet,🚪,2,🚪;🚾,true
clothes,👕,3,🥼;👕;👖;👗;👚;👛;👜;👝;👞;👟;👠;👢;👒;🎩,true
clothing,👕,3,👣;🌂;☂️;☔️;👓️;👔;👕;👖;👗;👘;🥻;👙;👚;👛;👜;👝;👞;👟;👠;👡;👢;👑;👒;🎩;🎓️;📿,true
cloud,☁️,3,🫯;💨;💭;☁️;⛅️;⛈️;🌤️;🌥️;🌦️;🌧️;🌨️;🌩️;🌪️;🌫️;🌬️,true
cloudy,☁️,3,⛅️,false
clover,🍀,3,🍀,true
clown,🤡,3,🤡,true
club,♣️,2,🍷;🍸️;🍹;♣️,true
clue,🔍️,3,🫆;🧩;🗝️,false
clutch,👜,2,👝,false
coaster,🥤,2,🎢,false
coat,🧥,3,🥼;🧥,true
coconut,🥥,3,🥥,true
coffee,☕️,3,☕️,true
coffin,⚰️,3,⚰️,true
cog,⚙️,3,⚙️,true
coin,🪙,3,👛;🪙,true
cold,🥶,3,😅;😷;🥶;😰;😓;🧊;🏔️;🌨️;❄️;☃️;⛄️;💧;🧣;🧥,true
collage,🖼️,2,📌,false
collar,🐶,2,👕;👚,false
collide,💥,3,💥,true
collision,💥,3,💥,true
colorful,🌈,3,🦚;🎨,false
comb,🪮,3,🪮,true
combat,⚔️,3,🤼,false
come,👋,1,🫴,false
comet,☄️,3,☄️,true
comfort,🛋️,2,🫂,false
comfortable,🛋️,2,👘,false
comfy,🛋️,2,🥿,false
comic,😂,2,💩;💢;💥;💫;💦;💨;💬;💭;💤;💧;💡;💣️;💠,false
communication,📡,2,📢;📱;📲;📞;📟️;📠;📰;📩;📦️;📫️;📝;📶;📳,false
compass,🧭,3,🧭,true
complete,✅️,2,✅️,true
complicated,🧩,2,😥,false
compress,🗜️,2,🗜️,true
computer,💻️,3,💻️;🖥️;🖨️;⌨️;🖱️;🖲️;💽;💾;💿️;📀;🛜,true
concentrate,🧠,2,😣,false
concentration,🧠,2,😣,false
concertina,🪗,2,🪗,true
conch,🐚,3,🐚,true
condiment,🧂,2,🧂;🫙,true
confetti,🎊,3,🎊,true
confused,😵,3,😕;🫤;😖,false
confusing,😵,2,😕,false
confusion,😵,2,🫤,false
conga,💃,2,🪘,false
congratulations,🎉,3,👏;㊗️,false
consider,🤔,2,🤔,true
construction,🏗️,3,👷;🏗️;🚧;🚩,true
contact,📞,2,🔎;🔭;📡,false
container,📦️,3,🫙,false
control,🎮️,3,🎛️;🛂,false
controller,🎮️,3,🎮️,true
convenience,🏪,2,🏪,true
convoluted,🌀,2,🥨,false
cookie,🍪,3,🥠;🍪,true
cooking,🍳,3,🍳;🍽️;🍴;🔪;🏺,true
cool,😎,3,😛;😎;🪭;🆒,true
cop,👮,3,👮,true
copter,🚁,3,🚁,true
coral,🪸,3,🪸,true
cord,🔌,2,🪢,false
cork,🍾,2,🍾,true
corn,🌽,3,🌽;🍿,true
correct,✅️,3,👊,false
cosmetics,💄,3,💅;💄,true
cosmetology,💄,2,💇,false
cost,💲,3,😲;😫;💰️,false
couch,🛋️,3,🛋️,true
counterpart,🤝,1,👯,false
country,🗺️,3,🏠️;🏡,false
couple,💑,3,👭;👫;👬;💏;💑,true
cover,📔,2,📔,true
cow,🐄,3,🐮;🐄,true
crab,🦀,3,🦀;♋️,true
cracked,🥚,2,🔓️,false
cracker,🍘,3,🍘,true
crane,🏗️,3,🏗️,true
crayon,🖍️,3,🖍️,true
crazy,🤪,3,😜;🤪;🫨;😳,true
cream,🥛,2,🍦;🍨,false
creative,🎨,3,🎨,true
creature,👾,2,👹;👺;👻;👽️;👾;🧜;🫈;🐙,true
credentials,🪪,2,🪪,true
credit,💳️,3,💳️,true
crescent,🌙,3,🥐;🌒;🌘;🌙;☪️,true
cricket,🏏,3,🦗;🏏,true
crime,🔪,2,🫆,false
criminal,🔫,2,🦹,false
cringe,😬,3,😖,false
crochet,🧶,3,🧶,true
crocodile,🐊,3,🐊,true
croissant,🥐,3,🥐,true
crook,🦯,1,🪝,false
cross,✝️,3,🤞;🧘;⛪️;⛑️;✝️;☦️;❌️;❎️;🎌,true
crossbones,☠️,3,☠️,true
crossing,🚸,2,🚸,true
crown,👑,3,🫅;🤴;👸;👑,true
cruise,🛳️,3,🚣,false
crush,💥,2,🥰,false
crutch,🩼,3,🩼,true
cry,😢,3,🥹;😢;😭;😿,true
crying,😢,3,🤣;😂;😪;😢;😭;😩;😿,true
crystal,💎,3,🔮,false
cube,🧊,3,🧊,true
cubical,🧊,1,🏢,false
cucumber,🥒,3,🥒,true
culture,🎭️,2,🧫,false
cup,☕️,3,🍵;🍶;🥤;🪠,false
curious,🤔,3,🦝,false
curl,➰️,2,📃;➰️;➿️,true
curly,➰️,2,🦱;➰️;➿️,true
currency,💵,3,💴;💵;💶;💷;💹;💱;💲,true
curry,🍛,3,🍛,true
curve,〰️,3,🪝,false
custard,🍮,3,🍮,true
cut,✂️,3,💇;🥩;💈;✂️;🪚,true
cute,🥰,3,🩷;🩵,false
cutlery,🍴,3,🍴,true
cutting,✂️,2,✂️,true
cycle,🔄,2,🚴;🚵;🚲️,false
cyclist,🚴,3,🚴;🚵;🚲️,true
cyclone,🌀,3,🌀,true
cygnet,🦢,2,🦢,true
dad,👨,3,🧢,false
dagger,🗡️,3,🗡️,true
dairy,🥛,3,🧈,false
dam,🌊,2,🦫,false
dance,💃,3,💃;🕺;🪩;🪭;🩰;🪇,true
dandelion,🌼,3,🌼,true
danger,⚠️,3,🛘;⚡️,false
dangerous,⚠️,3,💣️,false
dapper,🎩,2,😏,false
dark,🌑,3,🌑;🕶️,true
dart,🎯,3,🎯,true
dash,➖️,2,💨;〰️,false
dashing,😎,2,💨,false
data,📊,2,📈;📉;📊,true
date,📅,3,😗;😚;😙;💘;💕;💏;💐;💄;📅,true
daughter,👧,3,👧,true
day,☀️,3,🧖;🌞,false
daze,😵,2,🫨,false
dead,💀,3,😑;😵;😳;💀;☠️;🧟;🪾;⚰️;🪦,true
deaf,🦻,2,🧏,false
deal,🤝,2,🤝,true
death,💀,3,💀;☠️;⚰️;⚱️,true
debate,🗣️,2,🫯,false
deciduous,🍂,2,🌳,false
decor,🖼️,2,🪴,false
decoration,🎀,3,💟;🎍,false
decorative,🎀,2,📔,false
deer,🦌,3,🦌,true
dejected,😞,3,😅;😔;😞,true
delicious,😋,3,😋;🍴,true
delivery,📦️,3,🥡;🚚;📦️,true
demon,👹,3,😈;👿,false
demonstration,📢,2,🪧,false
denim,👖,3,👖,true
dental,🦷,3,🪥,false
dentist,🦷,3,😬;😷;🦷,true
department,🏢,2,🏬,false
departure,✈️,2,🛫,false
depressed,😔,3,🫥,false
derelict,🏚️,2,🏚️,true
dermatologist,🩺,2,😷,false
desert,🏜️,3,🐪;🐫;🌵;🏜️;🏝️,true
dessert,🍰,3,🍡;🍦;🍧;🍨;🍩;🍪;🎂;🍰;🧁;🍫;🍬;🍭;🍮,true
detective,🕵️,3,🕵️;🫆,true
devil,😈,3,😈;👿;👹,true
diagonal,📐,2,🫤,false
dialog,💬,2,💬;🗨️,true
diamond,💎,3,♦️;💍;💎;🔶;🔷;🔸;🔹;💠,true
diaper,🍼,3,🧷,false
dice,🎲,3,🎲,true
die,💀,3,🎲,false
diesel,⛽️,2,⛽️,true
diet,🥗,3,🍎,false
difficult,😖,2,☯️,false
dig,⛏️,3,🪏,false
dim,💡,2,🔅,false
dinner,🍽️,3,🐟️;🍽️;🍴,true
dinosaur,🦕,3,🦕;🦖,true
direct,➡️,2,🎯,false
direction,➡️,3,🧭;⬆️;↗️;➡️;↘️;⬇️;↙️;⬅️;↖️,true
disability,♿️,2,🩼,false
disagreement,🙅,2,🫯,false
disappear,💨,3,🫠;🫥,false
disappointed,😞,3,😔;🫤;😥;😞;🙍;🙎,true
disapproval,👎️,2,🤨,false
disaster,🌪️,3,🛘,false
disbelief,😲,2,🫢;🤨;😳;🤦,false
disc,💿️,3,🥏,false
disco,🕺,3,🪩,false
discount,🏷️,3,🈹,false
disease,🦠,3,🦟;🪰,false
disgruntled,😠,2,🙍,false
disguise,🥸,3,🥸,true
dish,🍽️,3,🧫;📡,false
disk,💽,3,💽;💾;💿️;📀,true
dislike,👎️,3,👎️,true
dismiss,👋,2,🫳,false
dissolve,💧,2,🫠,false
distraught,😰,2,😖,false
distrust,🤨,2,🤨,true
disturbed,😟,2,🙍,false
dive,🤿,3,🥽,false
divide,➗️,3,➗️,true
division,➗️,3,➗️,true
dizzy,😵,3,🥴;😵;💫;🌀,true
do,✅️,1,📋️;⛔️,false
doctor,🩺,3,😷;🏥;🥼;💉;💊;🩺;🩻,true
document,📄,3,📃;📄;🪪,true
dodo,🦤,3,🦤,true
dog,🐕️,3,🦴;🐶;🐕️;🦮;🐩;🌭,true
doll,🪆,3,🎎;🪆,true
dollar,💵,3,🪙;💰️;💵;💸;💲,true
dolphin,🐬,3,🐬,true
donation,🎁,3,🩸,false
done,✅️,2,💅;⌛️;⏳️;✅️;☑️;✔️,true
donkey,🫏,3,🫏,true
donut,🍩,3,🍩,true
door,🚪,3,🚪,true
dope,😎,1,👌,false
dot,🔴,3,💠,false
double,✌️,2,👯;⏩️;⏪️;⏫️;⏬️;⏸️;‼️;➿️,false
doubt,🤔,2,🫤;🤷,false
doubtful,🤔,2,🫤,false
dove,🕊️,3,🕊️,true
down,⬇️,3,🙃;🫳;👇️;👎️;🐨;📩;📉;↘️;⬇️;↙️;↕️;⤵️;🔽;⏬️;🔻,true
downward,⬇️,3,📉,false
downwards,⬇️,3,🔽,false
dragon,🐉,3,🐲;🐉;🀄️,true
dream,💭,3,💭,true
dress,👗,3,👗;🥻;👚;👛;👜;👝;👠;👢,true
dressage,🐎,2,🐴,false
dribble,🏀,3,⛹️,false
drink,🥤,3,🍼;🥛;☕️;🫖;🍵;🍶;🍾;🍷;🍸️;🍹;🍺;🥂;🫗;🥤;🧉;🏺,true
drip,💧,3,💦;🫟,false
drive,🚗,3,🚐;🚕;🚙;🚚;🚛,false
dromedary,🐫,3,🐪,false
drop,💧,3,🫳;☔️;💧;🩸,true
droplet,💧,3,💦;💧,true
drought,🏜️,3,🌵;🪾,false
drove,🐄,1,🚖;🚘️;🚦,false
drum,🥁,3,🛢️;🥁;🪘,true
drunk,🍺,2,🥴;🍹,false
dry,☀️,2,🚱,false
duck,🦆,3,🦆;🪿,true
duckling,🐥,3,🦢,false
duel,⚔️,3,🤼,false
dumpling,🥟,3,🥟,true
dung,💩,3,💩,true
dupe,🎭️,1,♟️,false
dusk,🌆,3,🌆;🌇,true
dying,💀,2,🥵;🥀,false
dynamite,🧨,3,🧨,true
eagle,🦅,3,🦅,true
ear,👂️,3,👂️;🦻;🧏;👯;🌾;🌽,true
earth,🌍️,3,🌍️;🌎️;🌏️;🌐,true
east,🧭,2,➡️,false
easy,😌,2,🍳,false
eat,🍽️,3,😋;🍔;🍽️;🍴;🥄,true
edge,📐,2,📏,false
education,🎓️,3,🎒;🎓️;📔;📕;📖;📗;📘;📙;📚️,true
egg,🥚,3,🐣;🪺;🥚;🍳,true
eight,8️⃣,3,🕗️;🕣️;🎱;✳️;✴️;8️⃣,true
eighteen,🔢,2,🔞,false
eject,⏏️,3,⏏️,true
elderly,👴,2,🧓;👴;👵,true
electric,⚡️,3,🚃;⚡️;🔌;💡;🔦,true
electricity,⚡️,3,⚡️;🔌,true
electronic,📱,2,🪫,false
elegant,👗,2,💃;🕺;🌹,false
elephant,🐘,3,🐘,true
elevator,🛗,3,🛗,true
eleven,🔢,2,🕚️;🕦️,false
elf,🧝,3,🧝,true
elk,🦌,3,🫎,false
elves,🧝,2,🧝,true
embarrass,😳,3,🫢;🫣,false
emblem,🛡️,2,🔱,false
embrace,🤗,3,🫂,false
embroidery,🧵,3,🪡,false
emergency,🚨,3,🚑️;🚨;🦺,true
emotion,😢,2,💘;💝;💖;💗;💓;💞;💕;💟;💔;❤️;🩷;💛;💚;💙;🩵;💜;🩶;💋;♥️,false
empty,📭️,3,🪹;🫗;🫙,false
enchantment,✨️,2,🧝,false
end,🔚,3,🔚,true
energy,⚡️,3,🪫,false
engaged,💍,3,💍,true
engagement,💍,3,💍;💎,true
engine,🚗,3,🚂;🚒,false
ensnare,🕸️,1,🪝,false
entertainment,🎭️,3,🎠;🎆;🎣;🎯;🎮️;🎲;🎭️;🎨;📻️,true
entry,🚪,2,⛔️;🚫,false
envelope,✉️,3,🧧;✉️;📨;📩,true
epic,🏆️,2,😜;😯;😱,false
equal,🟰,2,🟰,true
equality,⚖️,2,🟰,false
equestrian,🐎,2,🐎,true
equine,🐎,2,🐴,false
eruption,🌋,3,🌋,true
euro,💶,3,🪙;💶,true
evening,🌆,3,🌆,true
evidence,🔍️,2,🧾,false
evil,😈,3,😈;👿;🙈;🙉;🙊;🖤;🦹;🧿,true
evolution,🧬,3,🧬,true
ewe,🐑,3,🐑,true
exasperation,😤,2,🤦,false
exchange,🔄,3,💱,false
excited,🤩,3,😅;🤩;🥳;👻;💖;💗;👏;🤸;🎉,true
exclamation,❗️,3,❣️;‼️;⁉️;❕️;❗️,true
exercise,🏋️,3,🙆,false
exhalation,💨,2,🫁,false
exhausted,😩,3,🫩,false
expendable,💸,2,♟️,false
expensive,💰️,3,🫰,false
experiment,🧪,3,🥼;🧪;🔬,true
expert,🎓️,2,🤓,false
explode,💥,3,🤯;💥,true
explosion,💥,3,💣️,false
explosive,💣️,3,🧨,false
expressionless,😐️,3,😐️;😑;😶,true
extinction,🦖,3,🦣;🦤,false
extinguish,🧯,3,🧯,true
extra,➕️,2,🛸,false
eye,👁️,3,😄;😁;😊;😍;😚;😙;😜;🤪;😝;🫣;😸;😻;😽;👀;👁️;👓️;🕶️;🥽;🧿,true
face,😀,3,😀;😃;😄;😁;😆;😅;🤣;😂;🙂;🙃;🫠;😉;😊;😇;🥰;😍;🤩;😘;😗;☺️;😚;😙;🥲;😋;😛;😜;🤪;😝;🤑;🤗;🤭;🫢;🫣;🤫;🤔;🫡;🤐;🤨;😐️;😑;😶;🫥;😏;😒;🙄;😬;🤥;🫨;😌;😔;😪;🤤;😴;🫩;😷;🤒;🤕;🤢;🤮;🤧;🥵;🥶;🥴;😵;🤠;🥳;🥸;😎;🤓;🧐;😕;🫤;😟;🙁;☹️;😮;😯;😲;😳;🫪;🥺;🥹;😦;😧;😨;😰;😥;😢;😭;😱;😖;😣;😞;😓;😩;😫;🥱;😤;😡;😠;🤬;😈;👿;💀;☠️;💩;🤡;👹;👺;👻;👽️;👾;🤖;😺;😸;😹;😻;😼;😽;🙀;😿;😾;🙈;🙉;🙊;👀;👼;💆;🗣️;🐵;🐶;🐺;🦊;🐱;🦁;🐯;🐴;🦄;🐮;🐷;🐽;🐭;🐹;🐰;🐻;🐨;🐼;🐸;🐲;🐳;🌚;🌛;🌜️;🌝;🌞;🌬️;⛑️;🗿,true
facing,➡️,1,🤛;🤜;🐥;📄,false
factory,🏭️,3,🏭️,true
fail,❌️,3,😞;😩;⛔️,false
fairy,🧚,3,😇;😈;👿;💀;👹;👺;👻;👽️;👾;🤴;👸;👼;🎅;🤶;🧚;🧌;🐲;🐉;🔮,true
faithful,🙏,2,💯,false
fall,🍂,3,🍂,true
fallen,🍂,2,🍂,true
family,👪️,3,👪️;👑,true
fan,🌀,3,🪭,false
fancy,🎩,2,🧐;👗;👛;🎩,true
fantasy,🐉,3,😇;😈;👿;👹;👺;👻;👽️;👾;🤴;👸;👼;🎅;🤶;🧙;🧚;🧝;🧞;🧌;🔮;📖;📗;📘;📙;📚️,false
farm,🚜,3,🐴;🐎;🐮;🐂;🐄;🐷;🐖;🐽;🐑;🐐;🌽,false
farming,🚜,3,🧺,false
fart,💨,3,💨,true
fashion,👗,3,👠,false
fast,🏃,2,💨;🏃;🍔;🍟;👟;⏩️;⏪️;⏫️;⏬️,true
father,👨,3,🎅,false
favor,🙏,2,🙇,false
fax,📠,3,📠,true
fear,😨,3,😨;😱;🫦,true
fearful,😨,3,😨;😱,true
feather,🪶,3,🪶,true
feed,🍽️,3,🍴,false
feelings,❤️,2,🥹,false
feet,🦶,3,🦶;🐾;👞,true
female,♀️,3,🐑;♀️,true
fencing,🤺,3,🤺,true
ferry,⛴️,3,⛴️,true
festival,🎪,3,🥮;🎎,false
festive,🎉,2,💃;🕺;🪅,false
fetch,🎾,2,💁,false
fever,🤒,3,🤧;🦟,false
feverish,🤒,2,🥵,false
field,🌾,3,🏑,false
fife,🎵,1,🪈,false
fight,🥊,3,🫯;🥷,false
fighter,🥊,3,🥷,false
file,📁,3,📁;📂;🗃️;🗄️,true
filing,📁,2,🗄️,false
filling,🦷,2,🥧,false
film,🎬️,3,🎥;🎞️;📽️;🎦,false
fine,👌,2,😐️;😑;😒,false
finger,👆️,3,🖐️;🖖;🤞;🫰;🤘;👈️;👉️;👆️;🖕;👇️;☝️;🫵,true
finish,🏁,3,🏁,true
fire,🔥,3,🚒;🔥;🧨;🧯,true
first,🥇,3,🌓;🌛;🥇,true
fish,🐟️,3,🐟️;🐠;🐡;🦈;🍥;🎣;♓️,true
fishing,🎣,3,🚣;🦦;🐟️;🎣,true
fist,✊️,3,✊️;👊;🤛;🤜,true
five,5️⃣,3,✋️;🫷;🫸;🙏;🕔️;🕠️;5️⃣,true
fix,🔧,2,👷,false
fixed,🔧,2,✅️,false
flag,🚩,3,⛳️;📫️;📪️;📬️;📭️;🏁;🚩;🏴;🏳️;🏴󠁧󠁢󠁥󠁮󠁧󠁿;🏴󠁧󠁢󠁳󠁣󠁴󠁿;🏴󠁧󠁢󠁷󠁬󠁳󠁿,true
flair,✨️,2,💃;🕺,false
flamboyant,🌈,1,🦩,false
flame,🔥,3,🔥,true
flamenco,💃,2,💃;🕺,true
flamingo,🦩,3,🦩,true
flash,⚡️,3,📸,false
flat,🏠️,2,🥿,false
flautist,🎶,1,🪈,false
flavor,👅,2,🧂,false
flavoring,🧂,1,🧄;🧅,false
flex,💪,3,💪,true
flick,🎬️,1,💁,false
flight,✈️,3,🪶,false
flip,🔄,2,💁;🤸;🩴,false
flipper,🐬,2,🐬,true
flirt,😉,2,😉;😘;😗;😚;😙;😏;🫦;👭;👫;👬;🪭,true
float,🎈,2,🛟,false
flock,🐑,2,🪿,false
floor,🧱,2,🤣,false
flop,🐟️,1,🩴,false
floppy,💾,2,💾,true
flower,🌸,3,💐;🌸;💮;🪷;🌹;🥀;🌺;🌻;🌼;🌷;🪻;🎴,true
flu,🤒,3,🤧;💉,false
fluctuate,📈,2,🪀,false
fluffy,☁️,2,🐩;🐑,false
flute,🎶,3,🪈,false
flutter,🦋,2,🍃;🪭,false
fly,🪰,3,🕊️;🪽;🪰;✈️;🪁;💸,true
flying,✈️,3,🪽;✈️;🛸;🥏,true
focus,🎯,2,😣,false
fog,🌫️,3,🌁;🌫️,true
foggy,🌫️,3,🌁,false
folder,📁,3,📁;📂,true
fondue,🫕,3,🫕,true
food,🍽️,3,😋;🦐;🦑;🥭;🍎;🫐;🥝;🍅;🫒;🥑;🥔;🥕;🫑;🥒;🥜;🫘;🫜;🍞;🥐;🥖;🫓;🥞;🥓;🍔;🍟;🍕;🫔;🥙;🥚;🥘;🍲;🫕;🥗;🥫;🍱;🍘;🍙;🍚;🍛;🍜;🍝;🍠;🍢;🍣;🍥;🥡;🍦;🍨;🍩;🍭;🍯;🫖;🧋;🍴,false
foot,🦶,3,🦵;🦶;👞,true
for,➡️,1,🔰;🈺,false
forbidden,🚫,2,🙈;🙉;🙊;🙅;🔕;⛔️;🚫;🚳;🚭️;🚯;🚷;📵;🔞,true
force,💪,2,🪠,false
forest,🌲,3,🫈;🌲;🌳,true
forgive,🤝,2,🙇,false
forgot,🤦,2,😮;😧;🙈,false
fork,🍴,3,🍽️;🍴,true
formal,🤵,2,🤵;🎩,true
fortune,🔮,2,🥠;🔮;🪬;🔯,true
forward,➡️,2,⏩️,false
fountain,⛲️,3,⛲️;🖋️,true
four,4️⃣,3,🍀;🕓️;🕟️;4️⃣,true
fowl,🐔,3,🪿,false
fox,🦊,3,🦊,true
frame,🖼️,3,🖼️;🪟,true
frankfurter,🌭,3,🌭,true
free,🆓,2,🆓;🈶;🈚️,true
fresh,🌱,2,💈;🪟,false
fried,🍳,2,🍤,false
friend,🤝,3,👥,false
friendship,🤝,3,🫂,false
fries,🍟,3,🍟,true
frog,🐸,3,🐸,true
from,➡️,1,😤,false
front,➡️,2,🐥;🚪,false
frown,🙁,3,😕;🙁;☹️;😦;🙍;🙎,true
fruit,🍎,3,🍇;🍈;🍉;🍊;🍋;🍌;🍍;🥭;🍎;🍏;🍐;🍑;🍒;🍓;🫐;🥝;🍅;🥑;🥧,true
frustrated,😤,3,🫤;😖;😠;🙍,false
frustration,😤,2,🫤,false
fry,🍳,3,🍳,true
fuel,⛽️,3,⛽️,true
full,🈵,2,😋;💯;🫃;🫄;🌕️;🌝,false
fume,😤,2,😤,true
funeral,⚰️,3,⚱️,false
fungus,🍄,3,🍄,true
funny,😂,3,🤣;😂;😜,true
furious,😡,3,😤,false
fury,😡,2,😤,false
future,🔮,3,🔮,true
gaggle,🦢,2,🪿,false
gait,🚶,2,🚶,true
gamble,🎲,3,🎰,false
gambling,🎲,3,🎰,false
game,🎮️,3,👾;🏐;🎳;🏏;🏑;🏒;🏓;🏸;🥌;🎯;🎱;🎮️;🕹️;🎰;🎲;♠️;♥️;♦️;♣️;🃏;🀄️;🎴;🏁,true
gander,🦢,2,🪿,false
gang,👥,2,🚲️,false
garbage,🗑️,3,🗑️,true
garden,🌷,3,🐌;🐛;🐜;🐞;🫜;🏡;👒;🪏,false
garlic,🧄,3,🧄,true
gas,⛽️,2,⛽️,true
gasoline,⛽️,3,⛽️,true
gasp,😲,3,🫢,false
gay,🌈,1,🌈,true
gear,⚙️,3,⚙️,true
geek,🤓,3,🤓,true
geese,🪿,3,🪿,true
gem,💎,3,💎;🪎,true
gene,🧬,3,🧬,true
genetics,🧬,3,🧬,true
genie,🧞,3,🧞,true
geometric,📐,2,🔴;🔵;⚫️;⚪️;⬛️;⬜️;◼️;◻️;◾️;◽️;▪️;▫️;🔶;🔷;🔸;🔹;🔺;🔻;💠;🔘;🔳;🔲,false
gesture,🙋,2,🙈;🙉;🙊;🤌;🤟;🙌;🙏;🙍;🙅;🙆;🙋;🧏;🙇,true
gesundheit,🤧,2,🤧,true
ghost,👻,3,👻,true
giant,🗻,2,🫈,false
gift,🎁,3,🧧;🎁,true
gifted,🌟,2,🤓,false
giggle,😆,3,🤭,false
ginger,🫚,3,🦰;🫚,true
giraffe,🦒,3,🦒,true
girl,👧,3,👧,true
glad,😊,2,😊;🥲,true
glass,🥃,3,🥛;🍷;🍸️;🥂;🥃;🫗;🔍️;🔎,true
glide,🕊️,2,🪂,false
glitter,✨️,3,🪩,false
glittery,✨️,2,🌟,false
globe,🌐,3,🌍️;🌎️;🌏️;🌐,true
glove,🧤,3,🥎;🥊,false
glow,✨️,3,🌟,false
glowing,✨️,2,🌟,false
go,🚦,2,💨,false
goal,🎯,3,🥍;🥅,false
goat,🐐,3,🐐;♑️,true
gobble,🦃,2,🦃,true
goblin,👺,2,👺,true
goggles,🥽,3,🥽,true
gold,🥇,3,🏅;🥇;🪙;💰️;🪎,true
golf,⛳️,3,🏌️;⛳️;🚩,true
gondola,🚡,2,🚠;🚡,true
gone,👋,1,💨,false
goo,🟢,1,👶,false
good,👍️,2,🫡;😪;😴;💖;💤;👍️;👎️;👏;🦸;🛌;🧧,true
goofy,🤪,2,🤪,true
goose,🦢,3,🪿,false
gorilla,🦍,3,🦍,true
gossip,🗣️,2,💁,false
got,✋️,1,👌,false
grade,🎓️,2,🈴,false
graduation,🎓️,3,🎓️,true
grain,🌾,2,🌾;🍞,true
granny,👵,3,👵,true
grape,🍇,3,🍇,true
graph,📈,3,💹;📈;📉;📊,true
grapple,🤼,2,🤼,true
grateful,🙏,2,🥲;🥹,false
gratitude,🙏,2,🥹,false
grave,⚰️,3,🪦,false
gray,🩶,2,🩶;🦳,true
great,👍️,2,👏,false
green,🟢,3,💚;🏌️;🌳;🍏;🥬;🥗;📗;🔰;🟢;🟩,true
greetings,👋,2,👋,true
grey,🩶,2,🩶,true
grimace,😬,3,😬;🙎,true
grin,😁,3,😀;😃;😄;😁;😸,true
grizzly,🐻,3,🐻,true
groom,🤵,3,💇;🪮,false
groove,🎶,2,💃;🕺,false
gross,🤢,2,😝;🤢;🤮,true
ground,🌍️,2,⛱️,false
grow,🌱,2,🪴,false
growl,😾,2,🐻,false
growth,📈,2,🌷;💹;📈,true
guard,💂,3,😦;💂,true
guess,🤔,2,🤷,false
guide,🧭,3,🦮;🪬,false
guitar,🎸,3,🎸,true
gun,🔫,3,🔫,true
gym,🏋️,3,💪,false
gymnastics,🤸,3,🤸,true
gyro,🌯,3,🥙,false
habitat,🏞️,2,🌳,false
hail,🧊,3,🚖,false
hair,💇,3,👱;💇;🦰;🦱;🦳;🦲;🪮,true
hairless,🦲,2,🦲,true
hairy,💇,2,🫈,false
halo,😇,3,😇,true
halt,🛑,3,🫷;🫸,false
hammer,🔨,3,🔨;⛏️;⚒️;🛠️,true
hamster,🐹,3,🐹,true
hand,✋️,3,🤭;🫢;👋;🤚;🖐️;✋️;🖖;🫱;🫲;🫳;🫴;🫷;🫸;👌;🤌;🤏;✌️;🤞;🫰;🤟;🤘;🤙;👈️;👉️;👆️;🖕;👇️;☝️;🫵;👍️;👎️;✊️;👊;👏;🙌;👐;🤝;🙏;✍️;🙅;🙆;💁;🙋;👭;👫;👬;🧤;🪭;🪬,true
handle,🖐️,2,🤹;🍵,false
handy,🛠️,2,🪛,false
hang,🪢,2,🤙;🪂,false
happy,😊,3,😀;😃;😄;😁;😆;🤣;😂;🙂;😇;☺️;🥲;🥳;🤸;🎂,false
hard,🪨,2,🦻,false
harp,🎼,3,🪉,false
hat,🎩,3,🤠;🥳;👷;👲;👒;🎩;🎓️;🧢;⛑️,true
hatchet,🪓,3,🪓,true
haunting,👻,2,👻,true
head,🗣️,2,🤕;🤯;🧕;🗣️,true
health,💪,2,🍎;🫚,false
hear,👂️,3,🙉;👂️;🧏,true
hearing,👂️,2,👂️;🦻,true
heart,❤️,3,🥰;😍;😘;😻;💌;💘;💝;💖;💗;💓;💞;💕;💟;❣️;💔;❤️;🩷;🧡;💛;💚;💙;🩵;💜;🤎;🖤;🩶;🤍;💋;🫰;🫶;🫀;💏;💑;🏠️;🏡;♥️;🩺,true
hearth,🔥,2,💟,false
heat,🔥,3,🫠;🥵;😳;🌞,false
heavenly,😇,2,🪽,false
heavy,🏋️,2,❣️;🪨;➖️;➗️;🟰;💲;⭕️;✔️,false
heel,👠,2,👠,true
helicopter,🚁,3,🚁,true
hello,👋,3,👋;🫂,true
helmet,🪖,3,💂;🪖;⛑️,true
help,🆘,3,🩼;🆘,true
herb,🌿,3,🌿;🫚,true
herd,🐄,3,🦬,false
here,📍,2,🙋;🈁,false
hero,🦸,3,🦸,true
hey,👋,3,👋,true
hi,👋,3,👋,true
hibiscus,🌺,3,🌺,true
hidden,🙈,2,🫥;🥷,false
hide,🙈,3,🫣;🫥;🙈,true
high,⬆️,2,✋️;🫷;🫸;🙏;🚄;🚅;⚡️;👠;🔊,false
hike,🥾,3,🚶,false
hilarious,😂,3,🤣;😂,true
hippo,🦛,3,🦛,true
hippopotamus,🦛,3,🦛,true
hit,👊,3,🎯,false
hockey,🏒,3,🏑;🏒,true
hoist,🏋️,2,🛗,false
hold,🤲,2,🫱;🫲;🫴;🫷;🫸;🤌;👭;👫;👬,false
holding,🤲,2,🥹;👭;👫;👬,false
hole,🕳️,3,🕳️;⛳️;🪏,true
holiday,🎉,3,🎅;🤶,false
hollow,🕳️,2,⭕️,false
home,🏠️,3,🪹;🛖;🏚️;🏠️;🏡;🔨;🔧;🔩,true
honey,🍯,3,🐻;🦡;🐝;🍯,true
honk,📯,2,🪿,false
hook,🪝,3,🪝,true
hoop,⭕️,2,🏀,false
hooray,🎉,2,🥳;🙌;🎉,true
horizontal,➡️,2,🚥,false
horn,📯,3,🥳;📯,true
horoscope,♈️,2,♈️;♉️;♊️;♋️;♌️;♍️;♎️;♏️;♐️;♑️;♒️;♓️,true
horrible,😱,2,😝,false
horror,😱,3,🧟,false
horse,🐴,3,🏇;🐴;🐎;🎠,true
hospital,🏥,3,🏥,true
hot,🔥,3,🫠;🥵;😳;🌶️;🌭;☕️;♨️;🔥;🪭;💣️,true
hotel,🏨,3,🛌;🏨;🏩;🛎️;🛍️;🛏️;🛋️,true
house,🏠️,3,🪴;🛖;🏘️;🏚️;🏠️;🏡,true
hug,🤗,3,🤗;👐;🫂,true
huh,🤔,2,🤌,false
human,🧑,3,👱,false
hump,🐫,2,🐪;🐫,true
hundred,💯,3,💯,true
hungry,🍽️,2,😋;😩;🍗;🍔;🍕;🍴,false
hurl,🤮,1,🤾,false
hurricane,🌀,3,🌀,true
hurry,🏃,2,🏃,true
hurt,🤕,3,🤕;🩼,true
hut,🛖,3,🛖,true
hyacinth,🌸,2,🪻,false
hygiene,🧼,2,🪥,false
i,👤,1,ℹ️,false
ice,🧊,3,🍦;🍧;🍨;🧊;🏒;⛸️,true
id,🪪,2,🪪;🆔,true
idea,💡,3,💭;💡,true
identical,👯,2,👯,true
identification,🪪,2,🪪,true
identity,🪪,2,🫆;🆔,false
ignorance,🙈,2,🤷,false
ill,🤒,3,🤒,true
imp,😈,2,👿,false
improvement,📈,2,🔨;🔧;🔩,false
in,➡️,1,😱;🤵;🕴️;🧖;🧘;🛌;👤;👥;🍃;🛫;⛳️;🚮,false
incognito,🕵️,2,🥸,false
incoming,📥️,2,📨,false
indecisive,🤔,2,🧇,false
index,📇,3,🫰;👈️;👉️;👆️;👇️;☝️;🫵;🗂️;📇,true
indifference,😐️,3,🤷,false
indigo,🟣,2,🪻,false
infant,👶,3,👶;🍼,true
infinity,♾️,3,♾️,true
information,ℹ️,3,ℹ️,true
inhalation,💨,2,🫁,false
injury,🤕,3,🤕;🩸,true
ink,🖋️,3,🔏;🫟,false
innocent,😇,3,😇,true
input,⌨️,2,🔠;🔡;🔢;🔣;🔤,false
insect,🐛,3,🦋;🐛;🐜;🐝;🪲;🐞;🦗;🪳;🕷️;🦟;🪰,true
instrument,🎻,3,🎷;🎺;🪊;🪗;🎸;🎹;🎻;🪘;🪇;🪈;🪉,true
intelligent,🧠,3,🤓;🧠,true
interrogation,❓️,2,🤌,false
intersection,🚦,3,🚥;🚦,true
introvert,🙊,2,🫥,false
invent,💡,2,💭,false
invention,💡,3,💭,false
invertebrate,🐌,2,🪼,false
invisible,👻,3,🫥,false
invoice,🧾,3,🧾,true
iron,🔨,3,🧇,false
ironic,😏,2,😼,false
island,🏝️,3,🏝️,true
jack,🃏,2,🎃,false
jacket,🧥,3,🥼;🧥,true
jar,🫙,3,🍯;🫙,true
jazz,🎷,3,👐;🪊,false
jealous,😒,3,😐️;😑;😒,true
jeans,👖,3,👖,true
jelly,🍮,2,😒;🪼,false
jet,✈️,3,✈️,true
jewel,💎,3,💎,true
job,💼,3,👏;🏢,false
jockey,🏇,3,🏇,true
joke,😂,3,😜,false
joker,🃏,3,🃏,true
journey,🧳,3,🛄,false
joy,😊,3,🤣;😂;🥲;🥹;😹,false
judo,🥋,3,🥋,true
jug,🏺,3,🏺,true
juggle,🤹,3,🤹,true
juice,🧃,3,🥤;🧃,true
jump,🤸,3,🦘,false
justice,⚖️,3,⚖️;♎️,true
kale,🥬,3,🥬,true
kangaroo,🦘,3,🦘,true
karaoke,🎤,3,🎤,true
karate,🥋,3,🥋,true
kebab,🍢,3,🥙;🍢,true
keep,🤲,1,🤐;💯,false
kerchief,🧣,2,🧕,false
key,🔑,3,🔐;🔑;🗝️,true
kick,🦵,3,🦵;🦶;🛴;👞;👟,true
kid,🧒,3,🧒;👦;👧,true
kidney,🫘,3,🫘,true
kimono,👘,3,👘,true
king,🤴,3,🤴;👑,true
kiss,💋,3,😘;😗;😙;😽;💋;👄;🫦;💏;💑,true
kitchen,🍳,3,🔪,false
kite,🪁,3,🪁,true
kitten,🐱,3,🐱;🐈️,true
kitty,🐱,3,🐱,true
kiwi,🥝,3,🥝,true
knee,🦵,3,🦵,true
kneel,🧎,3,🧎,true
knife,🔪,3,🍽️;🍴;🔪;🗡️,true
knit,🧶,3,🧶,true
knot,🪢,3,🪢,true
know,💡,2,🫴;🙋,false
knowledge,🧠,2,📖;📚️,false
knuckle,👊,2,👊,true
koala,🐨,3,🐨,true
lab,🧪,3,🥼;🔍️;🔎;🧪;🧫;🔬,true
label,🏷️,3,🏷️,true
lacrosse,🥍,3,🥍,true
ladder,🪜,3,🪜,true
lady,👩,3,👩;👵;🐞;👚;👜,true
lake,🏞️,3,🚣;🚤,false
lamb,🐑,3,🐑,true
lamp,💡,3,🧞;🪔;🛋️,false
landing,🛬,2,🛬,true
lantern,🏮,3,🎃;🏮,true
large,📏,2,🤪;🦣;🦤;🌥️;⭕️;⬛️;⬜️;🔶;🔷,false
last,🔚,2,🌗;🌜️;⏮️,false
late,⏰️,2,🫩;⏰️,true
lather,🧼,2,🧼,true
laugh,😂,3,😀;😄;😆;🤣;😂;😹,true
launch,🚀,3,🚀,true
laundry,🧺,3,🧺,true
lavatory,🚽,2,🚹️;🚺️;🚻;🚾,false
lavender,💜,2,🪻,false
law,⚖️,3,👮,false
lazy,😴,3,🦥,false
leaf,🍁,3,🌿;🍀;🍁;🍂;🍃;🔰,true
leafless,🌳,1,🪾,false
leafy,🍃,2,🥬,false
ledger,📒,2,📒,true
leer,😏,2,😏,true
left,⬅️,3,🗨️;🫲;👈️;🤛;🔍️;🛅;↙️;⬅️;↖️;↔️;↩️;↪️;◀️,true
leg,🦵,3,🦿;🦵;🍗,true
legged,🦵,1,🧘,false
legit,✅️,1,👌,false
legume,🫘,2,🫘;🫛,true
lemon,🍋,3,🍋,true
leopard,🐆,3,🐆,true
lesbian,🌈,1,🌈,true
letter,✉️,3,💌;✉️;📧;📨;📩;📤️;📥️,true
lettuce,🥬,3,🥬,true
level,📏,2,🎚️,false
liar,🤥,3,🤥,true
liberty,🗽,3,🗽,true
library,📚️,3,📖;📗;📘;📙;📚️,true
license,📜,2,🪪,false
lick,👅,3,👅,true
lie,🤥,3,🤥,true
life,🌱,2,🪼;🛟;🧬,false
lift,🏋️,2,🫴;🚠;🛗,false
light,💡,3,🩵;🪶;🚈;🚨;🚥;🚦;🧨;🕯️;💡;🔦;🏮;🪔;🔆,true
lightning,⚡️,3,⛈️;🌩️;⚡️,true
like,👍️,3,🩷;🩵;👍️,true
lilac,💜,3,🪻,false
limb,🦵,2,🦵,true
line,➖️,2,🫥,false
link,🔗,3,🖇️;🔗,true
links,🔗,1,🔗,true
lion,🦁,3,🦁;🦭;♌️,true
lip,👄,3,🫦,false
liquid,💧,3,🫠;🫗;🫟,false
liquor,🥃,3,🥃,true
list,📝,3,📋️,false
listen,👂️,3,🙉;👂️,true
lit,💡,2,🔥,false
litter,🗑️,2,🚮;🚯,false
little,🤏,3,🤏,true
lives,🧬,1,☯️,false
lizard,🦎,3,🦎,true
llama,🦙,3,🦙,true
loaf,🍞,3,🍞,true
lob,🎾,2,🤾,false
lobster,🦞,3,🦞,true
location,📍,3,📍,true
lock,🔒️,3,🔒️;🔓️;🔏;🔐;🔑;🗝️,true
locker,🗄️,2,🛅,false
locomotive,🚂,3,🚂,true
log,🪵,3,🪵,true
lollipop,🍭,3,🍭,true
lonely,😔,2,💔,false
long,📏,2,🪘,false
look,👀,2,👀,true
loop,🔁,2,➰️;➿️,false
loose,🪢,2,🤙,false
loot,💰️,2,🪎,false
lorry,🚚,3,🚛,false
lost,😵,2,😔,false
lotion,🧴,3,🧴,true
lotus,🪷,3,🧘;🪷,true
loud,📢,3,🔊;📢,true
love,❤️,3,🥰;😍;😘;😗;😙;😻;💌;💘;💓;💕;❤️;🩷;💛;💚;💙;🩵;💜;🩶;🫰;🤟;🫶;💏;💑;🫂;💐;🌹;🏩;🪉,true
lover,💑,2,😘,false
loving,🥰,2,💕,false
low,⬇️,2,🔈️;🪫;🔅,false
luck,🍀,3,🫡;🤞;🧧,false
lucky,🍀,3,🍀,true
luggage,🧳,3,🧳;🛅,true
lumber,🪵,3,🪵;🪚,true
lunch,🍱,3,🍴,false
lung,🫁,3,🫁,true
lupine,🐺,1,🪻,false
lure,🎣,2,🪤,false
luxurious,💎,2,🧖,false
luxury,💎,3,🚤,false
lying,🤥,3,🤥,true
machine,⚙️,3,🎰;📠,false
mad,😡,3,😖;😩;😤;😡;😠;🤬;💢;🗯️;🧂;🍸️,true
maddening,😡,2,😡;😠,true
maggot,🐛,3,🪰,false
magic,✨️,3,🧙;🧝;✨️;🔮;🪄;🎩,true
magical,✨️,3,🧝,false
magician,🧙,3,🪄,false
magnet,🧲,3,🧲,true
magnetic,🧲,3,🧭;🧲,true
mail,✉️,3,💌;✉️;📧;📨;📩;📤️;📥️;📫️;📪️;📬️;📭️;📮,true
maize,🌽,3,🌽,true
major,🎖️,2,🔑,false
malaria,🦟,2,🦟,true
male,♂️,3,🐏;♂️,true
malt,🍺,2,🥤,false
mammal,🐘,2,🫎;🫏,false
mammoth,🦣,3,🦣,true
man,👨,3,👨;👴;👷;🫃;🚶;🕺;👫;☃️;⛄️;👞;🚹️;♂️,true
manage,📋️,1,🤹,false
mane,🦁,2,🦁,true
mango,🥭,3,🥭,true
manicure,💅,3,💅,true
mantilla,🧣,1,🧕,false
manual,📘,2,🦽,false
map,🗺️,3,🗺️;🗾;📍,true
maple,🍁,3,🍁,true
marathon,🏃,3,🏃,true
marine,⚓️,2,🫍;🪼,false
mark,✔️,2,❣️;💋;📑;🔖;🔛;‼️;⁉️;❓️;❔️;❕️;❗️;✅️;✔️;❌️;❎️;〽️;™️;🆙,true
marker,🖊️,3,📑,false
market,🏪,3,💹,false
married,💍,2,💍,true
marsupial,🦘,2,🐨;🦘,true
martial,🥋,2,🥋,true
martini,🍸️,3,🍸️,true
mask,😷,3,😷;👹;👺;🤿;🎭️,true
massage,💆,3,💆,true
mate,🤝,2,🧉,false
math,➗️,3,📏;📐;➖️;➗️;🟰,true
maybe,🤷,2,🤷,true
mayo,🥫,2,🪅,false
maze,🌀,3,🌽,false
me,🙋,2,🫴;🤙;🙋,true
mean,😠,2,👺,false
meat,🥩,3,🍖;🥩;🥓;🥧,true
mechanic,🔧,3,🧰,false
mechanical,⚙️,2,🦾;🦿,false
medal,🏅,3,🎖️;🏅;🥇;🥈;🥉,true
media,📰,2,📝,false
medical,🩺,3,😷;🩻;⚕️,false
medicine,💊,3,😷;🏥;💉;🩸;💊;🩺;⚕️,true
medieval,🏰,2,👑,false
meditate,🧘,3,🙇,false
meditation,🧘,3,🙇;🧘,true
medium,📏,1,⭐️;🔉;◼️;◻️;◾️;◽️,false
meeting,🤝,3,🤝,true
megaphone,📣,3,📣,true
melon,🍈,3,🍈,true
melt,🫠,3,🫠,true
memo,📝,2,📝,true
memorial,🕯️,2,🪦,false
men,👨,2,👬;🍸️,false
menorah,🕎,3,🕎,true
menstruation,🩸,2,🩸,true
mercy,🙏,2,🥺,false
merry,😄,2,🎅;🤶,false
mess,🧹,2,🫟,false
message,✉️,3,💬,false
metal,🔩,2,🪙,false
metro,🚇️,3,🚇️,true
microbe,🦠,3,🦠,true
microphone,🎤,3,🎙️;🎤,true
microscope,🔬,3,🔬,true
middle,➡️,2,🖕,false
mild,🙂,1,🤨,false
military,🎖️,3,🎖️;🪖,true
milk,🥛,3,🐮;🐄;🐐;🍼;🥛;🧋,true
milky,🥛,2,🌌,false
million,💯,1,💰️;💸;💲,false
millionaire,💰️,2,🚤,false
mind,🧠,2,🤯,false
mining,⛏️,3,⛏️,true
minus,➖️,3,➖️,true
mirror,🪞,3,🪩;🪞,true
mischievous,😈,2,👿,false
miss,❌️,2,😘;😢,false
mobile,📱,2,📱;📲;📵;📶;📳;📴,true
mobility,🚶,1,🩼,false
mode,🔘,1,📳,false
mollusk,🐚,2,🦑,false
mom,👩,3,🤱,false
monarch,👑,3,🫅,false
money,💰️,3,🤑;🫰;🧧;💎;🪙;💰️;🪎;💴;💵;💶;💷;💸;💳️;💹;🏧;💱;💲,true
monitor,🖥️,3,🖥️,true
monkey,🐒,3,🙈;🙉;🙊;🐵;🐒;🦧,true
monocle,🧐,3,🧐,true
monorail,🚝,3,🚈;🚝,true
monster,👹,3,💀;☠️;💩;👹;👺;👻;👽️;👾;🤖;🧌,true
monthly,📅,2,🈷️,false
moo,🐄,3,🐮;🐄,true
moon,🌙,3,🥮;🌑;🌒;🌓;🌔;🌕️;🌖;🌗;🌘;🌙;🌚;🌛;🌜️;🌝;🎑,true
moose,🫎,3,🫎,true
morning,🌅,3,💖;☕️;🌄;🌅,true
mortar,🧱,2,🧱,true
mosque,🕌,3,🕌,true
mosquito,🦟,3,🦟,true
mother,👩,3,🤱;🤶,false
motor,⚙️,2,🛵;🛥️,false
mount,⛰️,2,🗻,false
mountain,⛰️,3,🧗;🚵;🏔️;⛰️;🛘;🌋;🗻;🚞;🚠,true
mouse,🐭,3,🐭;🐁;🖱️;🪤,true
moustache,🥸,1,🥸,true
mouth,👄,3,😃;😄;😆;😅;🤑;🤭;🫢;🤐;😶;🥴;🫤;😮;😦;😰;🤬;😺;👄,true
move,🚚,2,🏃;🚛,false
movie,🎬️,3,🍿;🎥;🎞️;📽️;🎬️;🎦,true
mug,☕️,3,🍺,false
mule,🐴,3,🫏,false
multiplication,✖️,3,✖️;❌️;❎️,true
multiply,✖️,3,✖️;❌️;❎️,true
munch,😋,2,😱,false
muscle,💪,3,💪,true
museum,🏛️,3,🖼️;🎨,false
music,🎵,3,🔊;🎼;🎵;🎶;🎙️;🎚️;🎛️;🎤;🎷;🎺;🪊;🪗;🎸;🎹;🎻;🪕;🥁;🪇;🪈;🪉,true
musical,🎵,2,🎼;🎵;🎶;🎹,true
mustache,🥸,2,🥸,true
mute,🔇,3,😶;🔇;🔕,true
mysterious,🕵️,2,👤,false
mystery,🕵️,3,🫆,false
myth,📜,2,🧚;🧝;🧞,false
mythology,🐉,2,🪽,false
nail,💅,2,💅,true
name,📛,2,📛,true
nap,😴,3,😴;😫;🥱;🛌,true
nasty,🤢,2,🤢,true
national,🌍️,2,🏞️,false
natural,🌿,2,🫚,false
nature,🌿,3,🐌;🐝;🐞;🌵;🌋;🗻;🌅;🌈;⚡️;💧;🌊,false
navigation,🧭,3,🧭,true
neck,🦒,2,🧣,false
nectarine,🍑,2,🍊,false
needle,🪡,3,🧵;🪡;💉,true
negative,➖️,2,📉;🧲,false
nerd,🤓,3,🤓,true
nervous,😰,3,😅;😟;😰;😓;💗;🫦,true
nest,🪺,3,🪹;🪺,true
net,🥅,3,⛹️;🥅,true
network,🌐,3,🛜,false
neutral,⚪️,2,😐️,false
new,🆕,3,🗽;🌑;🌚;🆕,true
news,📰,3,📰;🗞️,true
next,➡️,2,⏭️,false
nib,🖋️,2,✒️;🔏,false
nice,😊,2,😀;😁;😛;👏,false
night,🌙,3,😙;😪;😴;🥱;💖;💤;🛌;🌃;🌉;🌟;🌠,false
nine,9️⃣,3,🕘️;🕤️;9️⃣,true
no,🙅,3,🤯;😲;🙈;🙉;🙊;👎️;🙅;🤦;🦲;🔕;⛔️;🚫;🚳;🚭️;🚯;🚷;📵;🔞;🈵,true
noble,👑,2,🫅,false
noodle,🍜,3,🍜,true
nope,🙅,3,👎️,false
north,⬆️,3,⬆️,true
nose,👃,3,🥸;😤;👃;🐽;🚅,true
nosey,👃,2,👃,true
not,🚫,2,😑;😕;🥺;😥;🙉;🙊;🙅;🤦;⏳️;🔕;⛔️;🚫;🚳;🚭️;🚯;🚷;📵;🔞;🈶,true
note,📝,3,🎼;🎵;🎶;💴;💵;💶;💷;💸;🗒️,false
notice,👀,2,🪧,false
nuptials,💍,2,💒,false
nut,🥜,3,🥜;🔩,true
nutty,🥜,2,😜,false
oar,🚣,3,🚣,true
ocean,🌊,3,🧜;🏄️;🐳;🐋;🐬;🫍;🦭;🐙;🪸;🪼;🌊,true
octagonal,🛑,2,🛑,true
octopus,🐙,3,🐙,true
odor,👃,2,👃,true
of,🔗,1,😂;💩;😹;🤚;🤘;🌾;🌽;🥩;🥘;🍲;🥛;🗾;🗽;🩸;🧻;🛐;✡️;☸️;🈶;🈚️,false
off,🔴,2,📆;📴;☑️,false
offer,🎁,3,🫴,false
office,🏢,3,🏢;🏣;🏤;💻️;💼,true
officer,👮,3,👮,true
ogre,👹,3,👹,true
oh,😮,2,😐️;😑;🙀;🤦,false
oil,🛢️,3,🛢️;🪔,true
okay,👌,3,👌;🆗,true
old,👴,3,🧓;👴;👵;🦳;📼;📇;🗝️,true
olive,🫒,3,🫒,true
on,🔛,2,🤣;🤬;🤘;🍖;⛱️;🥿,false
once,1️⃣,1,🔂,false
oncoming,➡️,1,👊;🚍️;🚔️;🚖;🚘️,false
one,1️⃣,3,👁️;🐪;🕐️;🕜️;🩱;🩲;🔞;1️⃣,true
onion,🧅,3,🧅,true
oops,😬,3,🤭;🙊;🫗,false
open,🔓️,3,😃;😄;😆;😅;🤗;🫢;😮;😦;😰;😺;👐;📖;📬️;📭️;📂;🔓️;🈺,true
opening,🚪,2,🪟,false
optical,👁️,2,💽;💿️;📀,false
or,➕️,1,⏯️,false
orange,🍊,3,🧡;🍊;📙;🟠;🟧;🔶;🔸,true
orangutan,🦧,3,🦧,true
orchestra,🎻,3,🪈;🪉,false
order,📋️,2,🦁,false
organ,🎹,3,🫀;🫁,false
ornithology,🦉,2,🐔;🐓;🐤;🐥;🐦️;🐧;🕊️;🦅;🦆;🦢;🦉;🦤;🦩;🦚;🦜;🪿,true
orthodox,⛪️,2,☦️,false
ostentatious,💎,2,🦚,false
otter,🦦,3,🦦,true
ouch,🤕,3,🤕;🪼,true
out,🚪,2,😛;😜;😝;😵,false
over,🔝,1,🤭;🫢;👮;🍳;🌄,false
overeat,🍽️,2,🫃;🫄,false
owl,🦉,3,🦉,true
ox,🐂,3,🐂;♉️,true
oyster,🦪,3,🦪;🥡,true
pace,🚶,2,🚶,true
package,📦️,3,📦️,true
packing,📦️,2,🧳;🛃;🛄,false
pad,📓,2,🗒️;🗓️,false
paddle,🏓,2,🚣;🏓,true
page,📄,3,📃;📄,true
pager,📟️,3,📟️,true
paid,💵,2,🤑;💰️,false
pail,🪣,3,🥡;🪣,true
pain,😖,3,🥲,false
paint,🎨,3,🫟,false
painter,🎨,2,🎨,true
painting,🖼️,3,🖼️;🎨;🖌️,true
pair,👯,2,👯,true
palace,🏰,3,💂,false
palette,🎨,3,🎨,true
palm,🌴,3,🫳;🫴;🌴;🥥;🪬,true
pamper,💆,2,🧖,false
pan,🍳,3,🍳;🥘,true
panda,🐼,3,🐼,true
panic,😱,3,🫨;🫪,false
pants,👖,3,👖;🩳,true
paper,📄,3,🏮;📃;📜;📄;📰;🗞️;✂️;🗄️;🧻,true
parachute,🪂,3,🪂,true
parasite,🦠,2,🪱,false
parcel,📦️,3,📦️,true
park,🏞️,3,🏞️;🛝;🎡;🎢,true
parlor,🛋️,2,💇,false
parrot,🦜,3,🦜,true
part,🧩,2,〽️,false
party,🎉,3,😛;😜;🥳;👯;🍹;🎉;🎊;🪅;🪩;👒;🪇,true
pass,✅️,2,⛔️,false
passenger,🧳,1,🛳️;⛴️;🚢,false
passing,🚗,2,🈴,false
pasta,🍝,3,🍝,true
pastry,🥐,3,🍥;🎂;🍰;🥧,false
patience,⏳️,2,🤌,false
patrol,🚓,3,🚓,true
pause,⏸️,3,🫷;🫸;⏯️;⏸️,true
paw,🐾,3,🐾,true
pawn,♟️,3,♟️,true
pay,💵,3,💸;💳️;💲,false
pea,🟢,2,🫛,false
peace,☮️,3,😌;✌️;🧘;🕊️;🪷;☮️,true
peaceful,😌,2,😇;☮️,false
peach,🍑,3,🍑,true
peacock,🦚,3,🦚,true
peahen,🐔,1,🦚,false
peanut,🥜,3,🥜,true
pear,🍐,3,🍐,true
pearl,🦪,2,🦪;🧋;🫧,true
pearly,🦪,1,🦷,false
pedestrian,🚶,3,🚶;🚸;🚷,true
peek,👀,3,🫣,false
peep,👀,2,🫣;👀,true
pen,🖊️,3,✒️;🖋️;🖊️;🔏,true
penalty,⚖️,2,🟥;🟨,false
pencil,✏️,3,✏️;📝,true
penguin,🐧,3,🐧,true
pensive,🤔,2,😔,false
people,👥,3,👯;🤼;👥;🫂,true
pepper,🌶️,3,🌶️;🫑,true
pepperoni,🍕,2,🍕,true
percussion,🥁,3,🪇,false
perfect,💯,2,💯,true
persevere,💪,2,😣,false
person,🧑,3,🥸;🧑;👱;🧔;🧓;🙍;🙎;🙅;🙆;💁;🙋;🧏;🙇;🤦;🤷;🥷;👷;🫅;👳;👲;🤵;👰;🫄;🧚;💆;💇;🚶;🧍;🧎;🏃;🕴️;🧖;🧗;🤺;🏌️;🏄️;🚣;🏊️;⛹️;🏋️;🚴;🚵;🤸;🤽;🤾;🤹;🧘;🛀;🛌;💏;💑,true
personal,🧑,1,💻️,false
pest,🐛,3,🪳;🦟;🪰,false
pester,🦟,2,🦡,false
pet,🐾,3,🐶;🐕️;🐱;🐈️;🐹;🐰;🐇,false
phone,📱,3,🤳;📱;📲;☎️;📞;📵;📶;📳;📴,true
photo,📷️,3,📷️,true
pi,🥧,1,👲,false
piano,🎹,3,🎹,true
piccolo,🎶,2,🪈,false
pick,⛏️,2,🫳;🙋;🛻;🪮;⛏️;⚒️,true
picket,🚧,2,🪧,false
pickle,🥒,3,🥒,true
picnic,🧺,3,🧺,true
picture,🖼️,3,🖼️,true
pie,🥧,3,🥧,true
piece,🧩,2,🧩;🩱;🩲,true
pig,🐷,3,🐷;🐖;🐗;🐽,true
pile,🗂️,2,💩,false
pill,💊,3,💊,true
pin,📌,3,📌;📍;🧷,true
pinch,🤏,3,👌,false
pine,🌲,3,🌲;🎍,true
ping,📡,2,🏓,false
pink,🩷,3,🩷,true
pint,🍺,2,🍺,true
pipe,🚬,2,🪈,false
pirate,☠️,3,🦜,false
pissed,😡,2,😒;🤬,false
pistol,🔫,3,🔫,true
pita,🫓,3,🫓,true
pitch,⚾️,2,🤾,false
pity,😢,2,🙇,false
pixie,🧚,2,🧚,true
pizza,🍕,3,🍕,true
placard,🪧,3,🪧,true
place,📍,2,🥇;🥈;🥉;🛐,false
plane,✈️,3,✈️;🛩️;🛫;🛬;🛄,true
planet,🪐,3,🪐,true
plankton,🦠,2,🪼,false
plant,🌱,3,💐;🌸;🏵️;🌹;🌺;🌻;🌼;🌷;🪻;🌱;🪴;🌴;🌵;🌾;🌿;☘️;🍀;🌰;🎍;🪏,true
plaque,🦷,2,🪧,false
plate,🍽️,3,🍽️,true
play,🎭️,2,🧙;🛝;▶️;⏯️,false
player,🎮️,2,⛹️,false
playful,😄,2,🦦,false
please,🙏,2,🥺;🥹;🙏,true
plug,🔌,3,🔌,true
plumage,🪶,2,🪶,true
plumber,🔧,3,🪠,false
plunger,🪠,3,🪠,true
plus,➕️,3,➕️,true
plush,🧸,2,🧸,true
pod,🌱,2,🫛,false
point,👉️,3,💯;👈️;👉️;👆️;👇️;☝️;🪝,true
pointed,👉️,2,🔯;✴️;🔺;🔻,false
poke,👉️,2,🫵,false
pole,🪵,2,💈;🎣,false
police,👮,3,👮;🚓;🚔️;🚨,true
polish,✨️,2,💅,false
polo,🐎,2,🤽,false
ponder,🤔,2,🤔,true
poodle,🐩,3,🐩,true
pool,🏊️,3,🎱;👙,false
poop,💩,3,💩;🪠,true
pop,🎈,2,🍿;🧨,false
pork,🥩,3,🐷;🐖,false
porous,🧽,2,🧽,true
porridge,🥣,3,🥣,true
position,📍,2,🧘,false
positive,➕️,2,🧲,false
post,📮,2,🏣;🏤;📯;🚩,false
postal,📮,2,📯,false
pot,🍲,2,🪴;🍲;🫕;🍯;🫖;💰️,true
potable,💧,1,🚰;🚱,false
potassium,🍌,1,🍌,true
potato,🥔,3,🥔;🍠,true
pouch,👝,2,👝,true
poultry,🐔,3,🍗,false
pound,💷,2,👊;💷,true
pour,🫗,3,🫗,true
power,⚡️,3,🪫,false
praise,🙌,2,🙌,true
prawn,🦐,3,🍤,false
pray,🙏,3,🤲;🙏;🛐,true
prayer,🙏,3,🤲;📿,false
predator,🦁,3,🐯;🐅;🐆,false
pregnant,🤰,3,👶;🤰;🫃;🫄,true
present,🎁,3,🎁,true
press,🗞️,2,💪,false
pretty,🌸,2,🥺;🦚;🦋,false
pretzel,🥨,3,🥨,true
previous,⏮️,2,⏮️,true
pride,🦁,2,🌈,false
prince,🤴,3,🤴,true
princess,👸,3,👸,true
print,🖨️,3,👣;🫆;🐾,false
printer,🖨️,3,🖨️,true
privacy,🔒️,2,🔏,false
private,🔒️,2,🔒️,true
prize,🏆️,3,🏆️;🪎,true
prohibit,🚫,3,🙅,false
projector,📽️,3,📽️,true
proof,✅️,2,🧾,false
prophecy,🔮,2,🥠,false
prosthetic,🦿,2,🦾;🦿,true
protect,🛡️,3,🪬,false
protection,🛡️,3,🥽;🪬,false
protest,✊️,3,🪧,false
proud,😊,3,🥲;🥹;🦚,false
public,🏛️,2,📢,false
puck,🏒,3,🏒,true
pudding,🍮,3,🍮,true
puke,🤮,3,🤮,true
pulse,💓,3,💗;💓;🫀,true
pump,⛽️,3,⛽️,true
pumpkin,🎃,3,🥧;🎃,true
punch,👊,3,✊️;👊,true
punctuation,❗️,2,❣️;‼️;⁉️;❓️;❔️;❕️;❗️;〰️,true
punk,🤘,2,🧷,false
puppy,🐶,3,🥺;🐶,true
purity,✨️,2,🪷,false
purple,🟣,3,😈;👿;💟;💜;🪻;🟣;🟪,true
purse,👛,3,👛;👜;👝,true
push,👉️,3,🫷;🫸,false
putt,⛳️,2,🏌️,false
puzzle,🧩,3,🧩,true
quarter,🪙,3,🌓;🌗;🌛;🌜️,false
queen,👸,3,👸;👑,true
queer,🌈,1,🌈,true
quench,🥤,2,🧯,false
question,❓️,3,🙋;⁉️;❓️;❔️,true
quick,⚡️,2,🏃,false
quiet,🤫,3,🫢;🤫;🤐;😶;🙊;🔇;🔕,true
rabbit,🐰,3,🐰;🐇,true
raccoon,🦝,3,🦝,true
race,🏁,3,🏃;🏁,true
racquet,🎾,3,🎾;🏸,true
radio,📻️,3,📻️;🔘,true
radish,🥬,2,🫜,false
raft,🛶,3,🚣,false
rage,😡,3,😡;😠,true
rail,🚃,2,🚈,false
rain,🌧️,3,⛈️;🌦️;🌧️;🌈;🌂;☂️;☔️;⛱️,true
raise,🙌,2,🙋,false
ram,🐏,3,🐏;♈️,true
ranch,🤠,3,🏠️;🏡,false
range,🏔️,2,🏌️,false
rat,🐀,3,🐀,true
rattle,🎵,2,🪇,false
ray,☀️,2,💿️;📀;🩻,false
razor,🪒,3,🪒,true
reach,🤚,2,🫱;🫲,false
reading,📖,3,📖;📗;📘;📙;📚️,true
ready,✅️,3,🛄,false
real,✅️,2,🫀,false
realization,💡,2,🤭,false
realize,💡,3,💭,false
rebound,🏀,2,🪃,false
rebuild,🏗️,2,👷,false
receipt,🧾,3,🧾,true
receive,📥️,2,📲;📨;📥️,true
receiver,📞,2,📞,true
record,💿️,3,🎥;⏺️,false
recorder,🎙️,3,🪈,false
recreational,🎡,2,🚙,false
recycle,♻️,3,♻️,true
red,🔴,3,🥵;😡;❤️;🫀;🦰;🌹;🍎;🍒;🥩;🧧;🀄️;🏮;🧰;🔼;🔽;❓️;❗️;⭕️;🔴;🟥;🔺;🔻,true
reef,🐠,3,🪸,false
reflection,🪞,3,🪞,true
reflector,🪞,2,🪞,true
refresh,🔄,2,🔃;🔄,true
refuse,🚫,2,🫷;🫸,false
regal,👑,2,🫅,false
regret,😔,2,🙇,false
relationship,💑,2,💑,true
relax,😌,3,🤌;💆;🧖;🧘,false
relief,😌,3,😌,true
religion,🙏,3,⛪️;🕌;🕍;⛩️;🕋;📿;🛐;🕉️;✡️;☸️;☯️;✝️;☦️;☪️;🕎;🪯,false
remodel,🔨,2,👷,false
repair,🔧,3,👷,false
repeat,🔁,3,🔁;🔂,true
repercussion,💥,1,🪃,false
reptile,🦎,3,🦎,true
rescue,🚑️,3,🛟;⛑️,false
reserved,🎫,1,🈯️,false
resist,✊️,2,🥹,false
resort,🏖️,3,⛵️,false
respect,🙏,2,🫡,false
respiration,😤,2,🫁,false
restaurant,🍽️,3,🍞;🍳;🍝;🍢;🍥;🍦;🍧;🍨;🍬;🍭;🍶;🍷;🍴;🏮,false
restriction,🚫,2,🔞,false
reverse,🔄,3,◀️;⏪️,false
revolver,🔫,3,🔫,true
rewind,⏪️,3,⏪️,true
rhinoceros,🦏,3,🦏,true
rhythm,🎵,3,🪘,false
ribbon,🎀,3,💝;🎀;🎗️,true
rice,🍚,3,🌾;🍘;🍙;🍚;🍛,true
rich,💰️,3,🧐;🪙;💰️;💶,true
rickshaw,🛺,3,🛺,true
ride,🚗,2,🚲️,false
right,➡️,2,🗯️;🫱;👉️;🤜;🔎;📈;↗️;➡️;↘️;↔️;↩️;↪️;⤴️;⤵️;▶️;⏯️,true
ring,💍,3,🤼;🛟;💍,true
rip,💥,2,🪦,false
ripe,🍎,2,🍎,true
rise,📈,3,💹,false
river,🏞️,3,🚣,false
roach,🪳,3,🪳,true
road,🛣️,3,🛣️,true
roar,🦁,3,🦁,true
robot,🤖,3,🤖,true
rock,🪨,3,🤘;👊;🧗;🪨;🥌;🧷,true
rocket,🚀,3,🚀,true
roll,🍞,2,🥐;🧻,false
roller,🛼,2,🎢;🛼;🧳,true
romance,💕,3,🥰;😍;💌;💘;💙;💋;💏;💑;💐;💒;💍;💎,false
romantic,💕,3,😍;😘;💚,false
room,🛏️,2,🧖;🚹️;🚺️,false
rooster,🐓,3,🐓,true
root,🌱,3,🫚;🫜,false
rope,🪢,3,🪢,true
rose,🌹,3,🌹,true
rosette,🌹,2,🏵️,false
round,⭕️,2,📍,false
row,🚣,3,🚣,true
royal,👑,3,🫅;🤴;👸;👑,true
royalty,👑,3,🫅;🤴;👸;👑,true
rub,🤲,2,🧞,false
rucksack,🎒,3,🎒,true
ruckus,💥,2,🫯,false
rugby,🏉,3,🏉,true
rule,📏,2,📐,false
ruler,📏,3,📏;📐,true
run,🏃,3,🏃,true
rung,🪜,2,🪜,true
running,🏃,3,💨;🏃;🎽;👟,true
rush,🏃,2,🏃,true
sad,😢,3,😔;😪;😕;😟;🙁;☹️;🥺;🥹;😥;😢;😭;😖;😞;😓;😩;😫;😿;💔;💧;🪊,true
safari,🦁,3,🦁,true
safety,🦺,3,🫆;🛟;🦺;🧷,true
sailing,⛵️,3,⛵️,true
sake,🍶,2,🍶,true
salad,🥗,3,🥬;🫜;🥗,true
salon,💇,2,💆,false
salsa,🌶️,2,💃;🕺,false
salt,🧂,3,🧂,true
salty,🧂,2,🧂,true
salute,🫡,3,🫡;🖖,true
sand,🏖️,3,⌛️;⏳️,false
sandal,👡,3,🩴;👡,true
sapling,🌱,3,🌱,true
sarcasm,🙄,2,🫠;💁,false
sarcastic,🙄,2,🫠;🤌;💁,false
sari,👗,2,🥻,false
sash,🎗️,2,🎽,false
sassy,🙄,2,💁,false
satchel,🎒,3,🎒,true
satellite,🛰️,3,🛰️;📡,true
satisfied,😊,3,😊,true
saturnine,😔,1,🪐,false
sauce,🍅,2,🫙,false
saucer,🍽️,3,🛸,false
sauna,🧖,3,🧖,true
sausage,🌭,3,🌭,true
save,💾,2,🛟,false
savor,😋,2,😋,true
saw,🪚,3,🪚,true
sax,🎷,3,🎷,true
saxophone,🎷,3,🎷,true
scale,⚖️,3,🧗;⚖️,true
scarf,🧣,3,🧣,true
scary,😱,2,😦;😧;👹;👻;🧛;🧟,false
scene,🎬️,2,⏭️;⏮️,false
scholar,🎓️,3,🎓️,true
school,🏫,3,🏫;🚌;🎒;📼;📔;📚️;📇,true
science,🔬,3,🦠;🔍️;🔎;🧪;🔬;🔭;📡,true
scientist,🔬,3,🥼,false
scissors,✂️,3,✂️,true
scoop,🍦,2,🪏,false
scooter,🛴,3,🛵;🛴,true
score,📝,2,💯;🎼,false
scorpion,🦂,3,🦂;♏️,true
scotch,🥃,2,🥃,true
scowl,😠,3,🙎,false
scream,😱,3,😱,true
screw,🔩,3,🪛,false
scroll,📜,3,📜,true
scuba,🤿,3,🤿;🥽,true
sea,🌊,3,🧜;🦭;🐚;🪸;🪼;⛵️,false
seal,🦭,3,🦭,true
search,🔍️,3,🔍️;🔎,true
seat,💺,3,💺;🪑,true
second,⏱️,2,🥈,false
secret,🤫,3,🤭;🤐;😶;🙈;🙉;🙊;🥷;㊙️,false
secure,🔒️,2,🔐,false
security,🔒️,3,🪪,false
see,👀,3,🙈;👀;🧧,true
seedling,🌱,3,🌱,true
seeing,👀,2,👀,true
semi,🔢,1,🚛,false
send,📤️,3,📩,false
sent,📤️,2,📨;📩;📤️,true
serenity,😌,2,🧘;🪷,false
serious,😐️,2,👔,false
serpent,🐍,3,🐍;⛎️,true
serve,🎾,2,🍦,false
service,🛎️,2,🈂️,false
set,✅️,1,📐,false
settle,🏡,2,🏠️;🏡,true
seven,7️⃣,3,🕖️;🕢️;7️⃣,true
sew,🧵,3,🪡,false
sewing,🧵,3,🧵;🪡,true
sexy,😍,2,😉;💋;🫦,false
shade,🌳,2,😐️;😏;🙄;😡;😠;😈;👿,false
shadow,🌑,2,👤,false
shake,🤝,2,🫱;🫲;🤝;🪇,true
shaker,🧂,2,🧂;🪇,true
shallow,🏖️,2,🥘,false
shampoo,🧴,3,🧴,true
shape,🔷,2,🧲,false
shark,🦈,3,🦈,true
sharp,🔪,2,🪒,false
shave,🪒,3,💈;🪒,true
shaven,🪒,1,🦲,false
sheaf,🌾,2,🌾,true
shears,✂️,3,💇,false
sheep,🐑,3,🐏;🐑,true
shell,🐚,3,🐚,true
shelter,🏠️,3,🛖,false
shield,🛡️,3,🛡️,true
shine,✨️,2,🌞,false
shiny,✨️,2,💍,false
ship,🚢,3,⚓️;🛳️;🚢;🔱,true
shipping,📦️,2,📦️,true
shirt,👕,3,🎽;👔;👕;👚,true
shock,⚡️,2,🤭;🫢;🫨;🤦,false
shoe,👞,3,🩴;👞;👟;🥾;🥿;👠;👡;👢,true
shoo,👋,1,🫳,false
shorts,🩳,3,🩳,true
shot,🔫,2,🥃;💉,false
shovel,🚜,3,🪏,false
shower,🚿,3,🚿,true
showing,🎬️,1,🌍️;🌎️;🌏️,false
shrimp,🍤,3,🦐;🍤,true
shrine,⛩️,3,⛩️,true
shrub,🌳,3,🪻,false
shrug,🤷,3,🤷,true
shuffle,🔀,3,🔀,true
shush,🤫,3,🤫,true
shut,🚪,2,🤐,false
shy,😳,2,🫣;🪭,false
sick,🤒,3,😷;🤒;🤢;🤮;🤧;😵;💉;💊,true
side,➡️,1,🍳,false
sign,🪧,3,🤘;🛑;🪧;🏧;🚮;☢️;☣️;♀️;♂️;✖️;➖️;➗️;🟰;💲,true
signal,📶,2,🚥;🚦;📶,true
silence,🤫,3,😶,false
silent,🤫,2,😶;🔇;🔕,false
silhouette,🌆,2,🗣️;👤;👥,false
silly,🤪,3,👻;🪿,false
silver,🥈,3,🩶;🥈;🪙;🪎,true
simple,✅️,2,🏠️;🏡,false
sing,🎤,3,🎤,true
single,1️⃣,2,🔂,false
sir,🎩,2,🫡,false
siren,🚨,3,🧜;🚨,true
sit,🪑,3,🪑,true
six,6️⃣,3,🕕️;🕡️;🔯;6️⃣,true
skate,⛸️,3,🛹;🛼;⛸️,true
skeleton,💀,3,🦴;🩻,false
skeptic,🤨,2,🤨,true
skeptical,🤨,2,🤨;🫤,true
skepticism,🤨,2,🤨,true
skewer,🍢,2,🍢;🍡,true
ski,⛷️,3,⛷️;🏂️;🫕;🚠;🎿,true
skill,🎯,2,🤹,false
skull,💀,3,💀;☠️;🩻,true
skunk,🦨,3,🦨,true
sky,🌌,3,🩵,false
slap,✋️,3,🫷;🫸,false
slash,🔪,2,🔕,false
slate,🪨,2,🩶,false
slay,⚔️,2,😎;🏆️,false
sled,🛷,3,🛷,true
sledge,🔨,2,🛷,false
sleep,😴,3,😪;😴;🥱;💤;🛌;🛏️,true
sleepy,😴,3,😪;🫩;😩;🥱;💤,false
sleigh,🛷,3,🛷,true
sleuth,🕵️,2,🕵️,true
slice,🍕,2,🍕;🍰;🥧,true
slick,✨️,1,😏,false
slide,🛝,3,😉;🛝;🪊;📐,true
slider,🛝,2,🎚️,false
slip,🛝,2,🥿,false
slipper,🥿,3,🥿,true
slot,🎰,2,🎰,true
sloth,🦥,3,🦥,true
slow,🐢,2,🦥,false
slug,🐌,3,🐌,true
slurp,😋,2,👅,false
sly,🦊,2,😏;🥷;🦝,false
small,🤏,3,🤪;🤏;🦐;🫘;🛩️;🌤️;◾️;◽️;▪️;▫️;🔸;🔹,true
smart,🧠,2,🤓;🧠,true
smell,👃,3,👃;🐽,true
smelly,🤢,2,💩,false
smile,😊,3,😀;😃;😄;😁;😆;😅;🙂;🙃;😊;😇;🥰;😍;🤩;☺️;😙;🥲;😋;😬;😎;😈;😺;😸;😻;😼,true
smirk,😏,3,😏,true
smoke,💨,3,💨;🚫;🚭️,true
smooch,💋,2,😘;😗,false
smug,😏,3,😏,true
snail,🐌,3,🐌,true
snake,🐍,3,🐍;⛎️,true
snap,📸,2,🫰;📷️,false
snare,🪤,2,🪤,true
sneaker,👟,3,👟,true
sneeze,🤧,3,🤧;😫,true
snicker,😏,2,😏,true
snout,🐽,3,🐽,true
snow,❄️,3,⛷️;🏂️;🏔️;🌨️;❄️;☃️;⛄️;🎿;🛷;🪏,true
soak,💦,2,🧽,false
soap,🧼,3,🧼;🫧,true
soar,🦅,2,🪽;🪁,false
sob,😭,3,😭,true
soccer,⚽️,3,⚽️,true
soda,🥤,3,🥤,true
soft,🧸,2,🍦;🥤;🔈️,false
soldier,💂,3,🥷;🪖,false
solid,🧱,2,🪨,false
solidarity,✊️,2,✊️,true
somersault,🤸,3,🤸,true
son,👦,3,👦,true
soon,⏳️,1,🔜,false
soothe,🤗,2,💆,false
sorcerer,🧙,3,🧙,true
sorceress,🔮,2,🧙,false
sorcery,🪄,2,🧙,false
sorry,🙏,3,😕;🙇,false
sort,🔤,2,🤏,false
sound,🔊,3,👂️;🔇;🔈️;🔉;🔊;📢;📣;🔔;🔕;🎵;🎶;🎤;🎧️,true
soup,🍲,3,🍲;🍜,true
sour,🍋,3,🍋,true
south,🧭,2,⬇️,false
sow,🌱,3,🐖,false
spa,💆,3,💆;🧖,true
space,🚀,3,👽️;👾;🛰️;🚀;🌑;🌒;🌓;🌔;🌕️;🌖;🌗;🌘;🌙;🌚;🌛;☀️;🌠;🌌;☄️,true
spade,♠️,3,♠️;🪏,true
spaghetti,🍝,3,🍝,true
spark,✨️,3,🧨,false
sparkle,✨️,3,💖;🌟;🎇;✨️;❇️,true
sparkler,🎇,3,🎇,true
speak,🗣️,3,🙊;🗣️,true
speaker,🔊,3,🔇;🔈️;🔉;🔊,true
special,⭐️,2,🩷;🩵;🩶,false
speech,🗣️,3,💬;🗨️,false
speechless,😶,2,😶,true
speed,💨,3,🏃;🚄;🚅,false
spell,🔤,2,🧙,false
spew,🤮,2,🤮,true
spice,🌶️,3,🫚,false
spider,🕷️,3,🕷️;🕸️,true
spill,💦,3,🫗;🫟,false
spin,🌀,3,🚲️,false
spiny,🌵,2,🦔,false
spiral,🌀,3,🐚;🗒️;🗓️,false
spirit,👻,2,😇,false
splatter,💦,2,🫟,false
split,➗️,2,🪓,false
sponge,🧽,3,🧽,true
spool,🧵,3,🧵,true
spoon,🥄,3,🥣;🥄,true
sport,⚽️,2,🏇;🏂️;🏄️;🏊️;🚴;🚵;🤽;🤾;🚙;🛼;🏆️;⚽️;⚾️;🏀;🏈;🏉;🎾;🎳;⛳️;🎣;🎿;🏁,true
sports,⚽️,3,🏅;🥎;🥍,false
spring,🌸,3,🐝;🌸;🪻,true
sprout,🌱,3,🌱,true
spy,🕵️,3,🥸;🕵️,true
square,🟦,3,⏹️;❎️;🟥;🟧;🟨;🟩;🟦;🟪;🟫;⬛️;⬜️;◼️;◻️;◾️;◽️;▪️;▫️;🔳;🔲,true
squeeze,🤏,2,🪗,false
squid,🦑,3,🦑,true
squirrel,🐿️,3,🐿️,true
squirt,💦,2,💦,true
stadium,🏟️,3,🏟️,true
staff,👥,2,⚕️,false
stain,🟤,2,🫟,false
stand,🧍,2,🧍,true
standing,🧍,2,🧍,true
star,⭐️,3,🤩;💫;🌃;⭐️;🌟;🌠;✨️;✡️;☪️;🔯;✴️,true
stare,👀,3,🫣,false
starry,✨️,2,🤩,false
station,🚉,3,🚉;⛽️,true
statue,🗿,3,🗽;🗿,true
steak,🥩,3,🥩,true
stealth,🥷,2,🙊;🥷,true
steam,♨️,3,😤;🧖;🚂,false
steamy,♨️,2,🧖,false
stein,🍺,2,🍺,true
step,🚶,2,🪜,false
stethoscope,🩺,3,🩺,true
stew,🍲,3,🍲,true
stick,🥢,2,🍢;🍡;🏑;🏒;🥍;🩼,false
stiletto,👠,3,👠,true
sting,🐝,3,🪼,false
stink,🤢,3,💩;🦨,false
stocking,🧦,3,🧦,true
stomp,👣,3,🦶,false
stone,🪨,3,🪨;🥌;💎,true
stop,🛑,3,🖐️;✋️;🫷;🫸;🚏;🚥;🚦;🛑;⏹️,true
store,🏬,3,🫙;🏪;🏬,true
straight,➡️,2,😐️;😑;📏,false
straw,🥤,2,🥤;🧃,true
streamer,🎉,2,🎏,false
stress,😫,3,😅;😟,false
stride,🚶,2,🚶,true
strike,⚡️,2,🎳,false
string,🧵,3,🧵,true
stripe,🦓,3,🦓,true
stroke,🏊️,2,🥵,false
stroll,🚶,2,🚶,true
strong,💪,3,💪;🦁,true
struck,💥,1,🤩,false
stub,🎫,2,🎫,true
stubborn,😤,2,🫏,false
stuck,🪵,2,😛;😜;😝,false
studio,🎬️,2,🎙️,false
study,📚️,3,📚️,true
stuffy,🤧,1,🧐,false
style,👗,2,😎;💇,false
suave,😎,2,😏,false
suburban,🏘️,2,🏠️;🏡,false
suburbia,🏘️,2,🏠️;🏡,false
subway,🚇️,3,🚇️,true
suction,🌀,2,🪠,false
sudden,⚡️,2,🤭,false
sugar,🍬,3,🧁,false
suit,👔,3,🕴️;♠️;♥️;♦️;♣️;🩱;🩲;🩳;👙,false
sulk,😔,2,🙎,false
summer,☀️,3,🍺;🚤,false
summon,📯,2,🧙,false
sun,☀️,3,🌻;🌄;🌅;🌆;🌇;☀️;🌞;⛅️;🌤️;🌥️;🌦️;⛱️,true
sunny,☀️,3,🍳;☀️;🌞,true
super,👍️,2,🏈,false
supernatural,👻,2,🧛,false
superpower,🦸,2,🦸;🦹,true
sure,👍️,2,😕;👌,false
surf,🏄️,3,🏄️;🌊,true
surfing,🏄️,3,🏄️;🌊,true
surprise,😲,3,🤭;🫢;🤨;🫨;😦;😧;🎁,false
sushi,🍣,3,🍣,true
suspension,⏸️,2,🚟,false
suspicious,🤨,3,😏,false
swag,🎁,1,😏;😎,false
swan,🦢,3,🦢,true
sweat,💦,3,😅;😰;😥;😓;💦;💧,true
sweeping,🧹,2,🧹,true
sweet,🍬,2,😛;🩷;👌;🍠;🍡;🍦;🍧;🍨;🍩;🍪;🎂;🍰;🧁;🍫;🍬;🍭;🍮;🍯;🧃,true
swell,📈,1,🏄️,false
swerve,↩️,2,👐,false
swim,🏊️,3,🏊️;🛟;👙,true
swimming,🏊️,3,🏊️;🤽;🥽,true
swirl,🌀,3,🍥,false
sword,⚔️,3,🤺,false
symbol,🔣,2,💢;♿️;🚼️;⚛️;☮️;⚧️;⚕️;♻️;🔰,false
sympathy,🤗,3,😮,false
synagogue,🕍,3,🕍,true
syringe,💉,3,💉,true
table,🪑,3,🏓,false
taco,🌮,3,🌮,true
tag,🏷️,2,🏷️,true
taking,🤲,1,🛀,false
tale,📖,2,😇;😈;👿;💀;👹;👺;👻;👽️;👾;🤴;👸;👼;🎅;🤶;🧚;🧌;🐲;🐉;🔮,false
talisman,🧿,2,🧿,true
talk,🗣️,3,💬;🦜,false
tamale,🌽,2,🫔,false
tangerine,🍊,3,🍊,true
tango,💃,3,💃;🕺,true
tape,📼,2,📼,true
target,🎯,3,🎯,true
taste,👅,2,😝;🧂,false
tasty,😋,3,😋,true
taxi,🚕,3,🚕;🚖,true
tea,🍵,3,☕️;🫖;🍵;🧋,true
teal,🟦,2,🩵,false
tear,😢,3,🤣;😂;🥲;😢;😭;😹;😿;💧;📆,true
tease,😜,2,😉,false
tee,⛳️,2,🏌️,false
teeth,🦷,3,😀;😃;😁;🥶;🦷;🧛;🦫;🪥,true
telephone,☎️,3,📱;📲;☎️;📞;📵;📶;📳;📴,true
telescope,🔭,3,🔭,true
television,📺️,3,📺️,true
tell,🗣️,2,🫴,false
teller,🏦,2,🏧,false
temple,🛕,3,🛕;🕍,true
tempura,🍤,3,🍤,true
ten,🔟,3,🕙️;🕥️,false
tennis,🎾,3,🎾;🏓;👟,true
tension,😬,2,💆,false
tent,⛺️,3,⛺️;🎪,true
terrapin,🐢,2,🐢,true
terrestrial,🌍️,2,🛸,false
test,📝,3,🧪,false
text,💬,3,💬,true
thanks,🙏,3,🙏;🫂,true
the,📄,1,🤣;🤘;🫵,false
theater,🎭️,3,🎭️,true
theatre,🎭️,3,🎭️,true
theme,🎨,2,🛝;🎡;🎢,false
therapy,🛋️,2,💆,false
thermometer,🌡️,3,🤒;🌡️,true
thespian,🎭️,2,🎭️,true
think,🤔,3,💭,false
third,3️⃣,3,🥉,false
thirty,🔢,3,🕧️;🕜️;🕝️;🕞️;🕟️;🕠️;🕡️;🕢️;🕣️;🕤️;🕥️;🕦️,false
this,👉️,1,☝️,false
thong,🩴,2,🩴,true
thought,💭,2,💭,true
thread,🧵,3,🧵;🪡,true
three,3️⃣,3,👌;🤟;🕒️;🕞️;3️⃣,true
throw,🤾,3,🤮;⛹️;🤾,true
thumb,👍️,3,🫰;👍️;👎️,true
thunder,⛈️,3,⛈️;⚡️,true
tick,🕷️,2,✅️;☑️;✔️,false
ticket,🎫,3,🎟️;🎫,true
tie,👔,3,🪢;👔,true
tiger,🐅,3,🐯;🐅,true
timber,🪵,3,🪵,true
time,⏰️,3,😥;⌛️;⌚️;⏰️;⏱️;🕰️;🕛️;🕧️;🕐️;🕜️;🕑️;🕝️;🕒️;🕞️;🕓️;🕟️;🕔️;🕠️;🕕️;🕗️;🕣️;🕘️;🕤️;🕥️;🕚️;🕦️,true
timer,⏲️,3,⌛️;⏳️;⏲️,true
tipsy,🥴,2,🥴,true
tire,🛞,3,🛞,true
tired,😴,3,😪;😴;🫩;😵;😩;😫;🥱;💤;🛌,true
toast,🍞,3,🍞,true
toboggan,🛷,3,🛷,true
together,🤝,2,🤲;💏;💑,false
toilet,🚽,3,🚽;🪠;🧻;🚹️;🚺️;🚻;🚾,true
toiletry,🧴,2,🪥,false
tomato,🍅,3,🍅,true
tomb,⚰️,3,🪦,false
tongue,👅,3,😛;😜;😝;🥵;👅,true
tool,🔧,3,🔪;🏺;⚓️;🔥;🔫;🔮;🔍️;🔎;🔦;✂️;🔨;⛏️;⚒️;🛠️;🏹;🪚;🔧;🪛;🔩;⚙️;🗜️;⚖️;🧰;⚗️;🔬;🔭;💉;🔱;🔰,true
tooth,🦷,3,🦷;🍫;🍬,true
top,🔝,2,🎩;🔝,true
torch,🔦,3,🔦,true
tornado,🌪️,3,🌪️,true
tortoise,🐢,3,🐢,true
toss,🤾,2,🤾,true
total,➕️,1,☯️,false
touched,🥺,1,🥲,false
tough,💪,2,🪨,false
tournament,🏆️,2,🤼,false
tower,🗼,3,🗼,true
toy,🧸,3,🪀;🧸,true
trace,👣,2,🫆,false
track,🛤️,3,🛤️;⏭️;⏮️,true
tractor,🚜,3,🚜,true
trade,💱,2,™️,false
traffic,🚦,3,🚥;🚦;🚸;⛔️,true
train,🚆,3,🚂;🚃;🚄;🚅;🚆;🚉;🛤️,true
tram,🚊,3,🚃;🚊;🚋;🚎,true
transparent,🔍️,2,🪟,false
transportation,🚚,3,🛻,false
trap,🪤,3,🪤,true
trash,🗑️,3,🗑️,true
travel,✈️,3,🚂;🚃;🚅;🚇️;🚤;🚢;✈️;🚁;🚀;🧳;🗿;🛄,true
tray,🍽️,3,📤️;📥️,false
treasure,💰️,3,🪙;🪎,false
treat,🍬,2,🧁,false
treatment,💊,2,💆,false
tree,🌳,3,🌲;🌳;🌴;🪾;🎄;🎋,true
trend,📈,2,💹;📈;📉,true
triangle,🔺,3,📐;▶️;⏭️;⏯️;◀️;⏮️;🔺;🔻,true
triangular,🔺,2,📐;🚩,false
triathlon,🏊️,2,🏊️,true
trident,🔱,3,🧜;🔱,true
trim,✂️,2,🪚,false
trip,✈️,2,🚞;📷️;🛄,false
triumph,🏆️,3,😤,false
troll,🧌,3,🧌,true
trolley,🚋,3,🚋;🚎;🛒,true
trombone,🎺,3,🪊,false
trophy,🏆️,3,🏆️,true
tropical,🌴,3,🦩;🐠;🌴;🍍;🥭;🍹,true
trousers,👖,3,👖,true
truck,🚚,3,🚒;🛻;🚚;🚛,true
true,✅️,2,💯,false
trumpet,🎺,3,🎺,true
trunk,🌳,2,🪾,false
truth,✅️,2,💯,false
tub,🛁,3,🛀,false
tube,🛠️,2,🧪,false
tulip,🌷,3,🌷,true
tumbler,🥃,2,🥃,true
turban,👳,3,👳,true
turd,💩,3,💩,true
turkey,🦃,3,🦃;🍗,true
turn,🔄,2,🛞,false
turnip,🥔,3,🫜,false
turtle,🐢,3,🐢,true
tusk,🦷,2,🦣,false
tuxedo,🤵,2,🤵,true
twelve,🔢,3,🕛️;🕧️,false
twin,👯,3,👯,true
twine,🧵,2,🪢,false
twist,🌀,2,🪢,false
twisted,🌀,2,🥨,false
twister,🌪️,3,🌀,false
two,2️⃣,3,💕;🐫;🕑️;🕝️;2️⃣,true
type,⌨️,2,🅰️;🆎;🅱️;🅾️,false
typhoon,🌀,3,🌀,true
ugh,😩,3,😒;🙄;🤌,false
ugly,🤢,2,🦢,false
uh,🤔,1,😑,false
ultimate,🏆️,2,🥏,false
umbrella,☂️,3,🏖️;🌂;☂️;☔️;⛱️,true
unbelievable,😲,3,😮,false
unbounded,♾️,1,♾️,true
uncomfortable,😖,2,🫦,false
under,⬇️,2,🫩;🐨;🔞,false
underage,🚫,1,🔞,false
underarm,💪,1,🥎,false
undercover,🕵️,2,👮,false
underwater,🤿,3,🫧,false
underwear,🩲,3,🩲;🩳,true
uneven,〰️,2,🥴,false
unhappy,😢,3,😐️;😑;😒;😧;😢;😭;😞;😩;😤;😡;😠,true
unicorn,🦄,3,🦄,true
uniform,👔,3,🥋,false
unimpressed,😐️,2,😐️;😑,true
universal,🌍️,2,♾️,false
unlock,🔓️,3,🔓️;🔑,true
unreal,😲,1,😮,false
unwind,😌,2,🧖,false
up,⬆️,3,🤮;🫳;🫴;👆️;☝️;👍️;🤲;🧗;🍳;🛻;🧣;🧥;📄;🗞️;📈;⬆️;↗️;↖️;↕️;⤴️;🔝;🔼;⏫️;🆙;🔺,true
upset,😢,3,😡;😠;💢;🙍;🙎;🧂,false
upwards,⬆️,2,🔼,false
urn,🏺,3,⚱️,false
utility,🔧,2,🚙,false
vacancy,🈳,2,🈳;🈵,true
vaccination,💉,3,💉,true
valentine,💘,3,💌;💘;💝;🌹,true
vampire,🧛,3,🧛;🦇;⚰️,true
van,🚐,3,🚐,true
vat,🛢️,2,🪣,false
vegetable,🥦,3,🍅;🍆;🥔;🥕;🫑;🥒;🥜;🫛;🫜,false
vegetarian,🥗,2,🫜,false
veggie,🥦,3,🫛,false
vehicle,🚗,3,🚝;🚌;🚐;🚑️;🚕;🚗;🚘️;🚙;🚚;🚛;🚜;🛞;🚁,true
veil,👰,2,👰,true
versus,⚔️,2,🆚,false
vertical,↕️,2,🚦;🔃;⏸️,false
vest,🦺,3,🦺,true
vibrate,📳,3,🫨,false
vibration,📳,2,📳,true
vice,🔧,1,🗜️,false
victory,🏆️,3,✌️;🏆️,true
video,📹️,3,🎮️;🕹️;📻️;📽️;📺️;📷️;📸;📹️;📼,true
view,👀,2,🪟,false
viewer,📺️,2,🫵,false
viewing,👀,1,🎑,false
villain,🦹,3,🦹,true
violet,🟣,3,🪻,false
violin,🎻,3,🎻,true
virus,🦠,3,🦟;🦠,true
vitamin,💊,3,🍊;💊,true
volcano,🌋,3,🌋,true
voltage,⚡️,2,⚡️,true
volume,🔊,2,🔈️;🔉;🔊,true
vomit,🤮,3,🤢;🤮,true
vulnerable,💔,2,🫪,false
wacky,🤪,2,😜,false
waffle,🧇,3,🧇,true
wait,⏳️,3,🫷;🫸,false
walk,🚶,3,🚶;👣,true
wall,🧱,3,🧱,true
wand,🪄,3,🪄,true
war,⚔️,3,🥷;🪖,false
warning,⚠️,3,⚠️,true
warrior,⚔️,3,🪖,false
waste,🗑️,3,🗑️,true
watch,⌚️,3,🙈;⌚️,true
water,💧,3,💦;🤽;🐃;🫗;🥤;💧;🌊;🔫;🚿;🚰;🚾;🚱;♒️,true
wave,🌊,3,👋;🌊,true
wavy,🌊,2,🥴;〰️,false
way,➡️,1,🤯;😲;🌌,false
wealth,💰️,3,🪎,false
wealthy,💰️,3,🧐,false
weapon,🔫,3,🔪;🏺;🔫;🗡️;⚔️;🪃;🏹;🛡️,true
weary,😴,2,🫩;😩;🙀,false
weather,🌦️,3,🌡️;☀️;🌞;☁️;⛅️;🌤️;🌥️;🌦️;🌧️;🌨️;🌩️;🌪️;🌫️;🌀;🌈;☔️;❄️;💧,true
web,🕸️,3,🕸️;🌐,true
wedding,💒,3,🤵;👰;💒;💍;💎,true
wedge,🔺,2,🧀,false
weight,⚖️,3,🏋️;⚖️,true
weird,😲,2,😒,false
weirdo,🤪,2,😜,false
well,🆗,1,👏,false
west,🧭,2,⬅️,false
wet,💧,3,💦,false
whale,🐳,3,🐳;🐋;🫍,true
what,❓️,2,🤨;😳;😦;😧;🤌,false
wheat,🌾,3,🍞,false
wheel,🎡,3,🎡;🛞;☸️,true
where,❓️,1,🏠️;🏡,false
whew,😅,1,😥,false
whine,😢,2,🙎,false
whiskey,🥃,3,🥃,true
whisky,🥃,3,🥃,true
white,⚪️,3,💟;🤍;🦷;🦳;💮;⭐️;🥼;🦯;❔️;❕️;⚪️;⬜️;◻️;◽️;▫️;🔳;🏳️,true
who,❓️,1,🤷,false
whoa,😲,1,🫨;😮;😯,false
whoops,😅,1,🤭,false
why,❓️,1,🥺,false
wicked,😈,2,🖤,false
wild,🐅,2,🥦,false
win,🏆️,3,😎;🌟;🏆️;👑;💰️;🏁,true
wind,💨,3,🍃;🌬️;🎐,false
window,🪟,3,🪟,true
wine,🍷,3,🍷,true
wing,🪽,2,🪽,true
wink,😉,3,😉;😜,true
winner,🏆️,3,🏅,false
winning,🏆️,2,🏆️,true
winter,❄️,3,🪾,false
wireless,📶,2,🛜,false
wise,🦉,2,🧓;👴;👵;🦉,true
wish,🌠,2,🤲,false
witch,🧙,3,🧙;🪄;🧹,true
with,➕️,1,😃;😄;😁;😅;😂;😊;😇;🥰;😍;😚;😙;🥲;😛;😜;😝;🤗;🤭;🫢;🫣;🤨;🙄;🫩;😷;🤒;🤕;😵;😎;🧐;🫤;😮;😦;😰;😓;😤;🤬;😈;👿;😸;😹;😻;😼;💘;💝;🖐️;🫰;🦻;🫅;👲;🧕;👰;👯;💑;🪺;🥣;🍥;🍾;🥤;🍽️;🌐;🏖️;🏡;🌃;🌞;⛈️;🌧️;🌨️;🌩️;☔️;🔕;📲;📸;📔;📃;💸;💹;📩;📫️;📪️;📬️;📭️;🗳️;🔏;🔐;☑️;💠,false
wizard,🧙,3,🧙;🪄,true
wolf,🐺,3,🐺,true
woman,👩,3,👩;👵;🧕;🤰;🤱;💃;👫;👚;👠;👡;👢;👒;🚺️;♀️,true
women,👭,3,👭,true
won,🏆️,2,😤,false
wonder,🤔,2,💭,false
wood,🪵,3,🪾;🪵;🪓,true
wool,🧶,3,🐑;🦙,false
wooly,🧶,1,🦣,false
woozy,😵,2,🥴,false
work,💼,2,💦;👷,false
worker,👷,3,👷,true
world,🌍️,3,🌍️;🌎️;🌏️;🌐;🗺️,true
worm,🪱,3,🪱,true
worry,😟,3,😟;🫦,true
worship,🙏,3,🛐,false
wow,😲,2,🤩;🫨;😮;😳;😦;😧,false
wrap,🎁,2,🌯,false
wrapper,🎁,2,🍬,false
wrench,🔧,3,🛠️;🔧,true
wrestle,🤼,3,🫯;🤼,true
wrestling,🤼,3,🤼,true
write,✍️,3,✍️,true
writing,✍️,3,✍️;📔,true
wry,😏,2,😼,false
yacht,⛵️,3,⛵️,true
yarn,🧶,3,🧶,true
yawn,🥱,3,😴;🥱,true
yellow,🟡,3,💛;🚕;🚖;🔰;🟡;🟨,true
yen,💴,2,💴;💹,true
yes,✅️,3,🫡;👍️,false
yoga,🧘,3,🧘,true
yogi,🧘,2,🧘,true
you,👉️,2,🥰;😘;😗;😮;👋;🤟;🫵;🫶;💑,false
young,👶,3,👶;🧒;👦;👧;🌱,true
yummy,😋,3,😋;🍴,true
zany,🤪,2,🤪,true
zap,⚡️,2,⚡️,true
zebra,🦓,3,🦓,true
zero,0️⃣,3,📥️;0️⃣,true
zip,🤐,2,🤐;🤌,true
zipper,🤐,2,🤐,true
zodiac,♈️,2,👧;🦁;🐂;🐏;🐐;🐍;🐟️;🦀;🦂;🏺;🏹;⚖️;♈️;♉️;♊️;♋️;♌️;♍️;♎️;♏️;♐️;♑️;♒️;♓️;⛎️,true
zombie,🧟,3,🧟,true
zoo,🦁,3,🐅;🐆;🐃;🐏;🐊,false
zoom,🔍️,2,🏎️,false
